stock_code,stock_name,industry,source
002171,楚江新材,国防军工,strategy
300051,琏升科技,计算机,deepseek
603836,海程邦达,交通运输,deepseek
301108,洁雅股份,美容护理,deepseek
002476,宝莫股份,基础化工,deepseek
603648,畅联股份,交通运输,deepseek
600815,厦工股份,机械设备,deepseek
600383,金地集团,房地产,deepseek
000850,华茂股份,纺织服饰,deepseek
002534,西子洁能,电力设备,deepseek
301122,采纳股份,医药生物,deepseek
002572,索菲亚,轻工制造,deepseek
510500,,综合,deepseek
301156,美农生物,医药生物,rule
605003,众望布艺,纺织服饰,deepseek
600751,海航科技,交通运输,deepseek
300027,ST华谊,传媒,deepseek
300839,博汇股份,石油石化,deepseek
300395,菲利华,国防军工,deepseek
002292,奥飞娱乐,传媒,strategy
600938,中国海油,石油石化,deepseek
300565,科信技术,通信,deepseek
600697,欧亚集团,商贸零售,deepseek
300405,科隆股份,基础化工,deepseek
600182,S佳通,汽车,deepseek
300686,智动力,电子,deepseek
600053,*ST九鼎,非银金融,deepseek
002247,聚力文化,轻工制造,deepseek
688302,海创药业,医药生物,rule
600520,三佳科技,机械设备,deepseek
600572,康恩贝,医药生物,deepseek
301358,湖南裕能,电力设备,deepseek
002128,电投能源,煤炭,deepseek
600460,士兰微,电子,deepseek
601567,三星电气,电力设备,rule
601579,会稽山,食品饮料,deepseek
600559,老白干酒,食品饮料,strategy
300358,楚天科技,机械设备,deepseek
002178,延华智能,计算机,rule
600602,云赛智联,计算机,strategy
300732,设研院,建筑装饰,deepseek
300841,康华生物,医药生物,rule
605377,华旺科技,轻工制造,deepseek
000096,广聚能源,石油石化,deepseek
600681,百川能源,公用事业,deepseek
688561,奇安信,计算机,strategy
300668,杰恩股份,建筑装饰,deepseek
000333,美的集团,家用电器,deepseek
300324,旋极信息,计算机,deepseek
300540,蜀道装备,机械设备,deepseek
002658,雪迪龙,环保,deepseek
002527,新时达,机械设备,deepseek
001368,通达创智,轻工制造,deepseek
002708,光洋股份,汽车,deepseek
600825,新华传媒,传媒,rule
600035,楚天高速,交通运输,deepseek
600531,豫光金铅,有色金属,deepseek
002772,众兴菌业,农林牧渔,deepseek
000778,新兴铸管,钢铁,deepseek
002463,沪电股份,电子,deepseek
301203,国泰环保,社会服务,rule
300187,永清环保,社会服务,rule
600721,百花医药,医药生物,rule
600116,三峡水利,公用事业,deepseek
000799,酒鬼酒,食品饮料,strategy
603988,中电电机,机械设备,rule
600556,天下秀,传媒,deepseek
002842,翔鹭钨业,有色金属,rule
002222,福晶科技,电子,deepseek
002196,方正电机,机械设备,rule
301161,唯万密封,机械设备,rule
300035,中科电气,电力设备,rule
603737,三棵树,建筑材料,deepseek
688663,新风光,电子,strategy
002023,海特高新,国防军工,deepseek
002361,神剑股份,基础化工,deepseek
000997,新 大 陆,计算机,strategy
300843,胜蓝股份,电子,deepseek
603129,春风动力,汽车,deepseek
688621,阳光诺和,电子,strategy
603520,司太立,医药生物,deepseek
000505,京粮控股,农林牧渔,deepseek
600126,杭钢股份,钢铁,deepseek
300662,科锐国际,社会服务,deepseek
000513,丽珠集团,医药生物,deepseek
002836,新宏泽,轻工制造,deepseek
603819,神力股份,电力设备,deepseek
300869,康泰医学,医药生物,deepseek
603136,天目湖,社会服务,deepseek
603833,欧派家居,轻工制造,rule
688789,宏华数科,电子,strategy
605500,森林包装,轻工制造,rule
300907,康平科技,电力设备,deepseek
300953,震裕科技,电力设备,deepseek
301270,汉仪股份,计算机,deepseek
300288,朗玛信息,计算机,deepseek
600009,上海机场,交通运输,rule
301205,联特科技,通信,deepseek
688105,诺唯赞,电子,strategy
600293,三峡新材,建筑材料,deepseek
002159,三特索道,社会服务,strategy
605303,园林股份,建筑装饰,rule
688787,海天瑞声,电子,strategy
159928,,食品饮料,deepseek
300985,致远新能,机械设备,deepseek
301386,未来电器,电力设备,deepseek
600054,黄山旅游,社会服务,rule
600477,杭萧钢构,建筑装饰,deepseek
600278,东方创业,商贸零售,deepseek
600419,天润乳业,食品饮料,rule
513500,,电子,deepseek
600255,鑫科材料,有色金属,deepseek
603298,杭叉集团,机械设备,deepseek
601618,中国中冶,建筑装饰,deepseek
000544,中原环保,社会服务,rule
002905,金逸影视,传媒,rule
002530,金财互联,计算机,deepseek
002195,岩山科技,计算机,deepseek
300138,晨光生物,医药生物,rule
001236,弘业期货,非银金融,rule
300886,华业香料,基础化工,deepseek
000501,武商集团,商贸零售,deepseek
300410,正业科技,机械设备,deepseek
600575,淮河能源,交通运输,deepseek
300693,盛弘股份,电力设备,deepseek
603125,常青科技,基础化工,deepseek
600398,海澜之家,纺织服饰,deepseek
001212,中旗新材,建筑材料,deepseek
603619,中曼石油,石油石化,rule
601872,招商轮船,交通运输,deepseek
002484,江海股份,电子,deepseek
301468,博盈特焊,机械设备,deepseek
600801,华新建材,建筑材料,rule
300012,华测检测,社会服务,rule
688686,奥普特,电子,strategy
603713,密尔克卫,交通运输,deepseek
300854,中兰环保,社会服务,rule
688609,九联科技,电子,strategy
600962,国投中鲁,农林牧渔,deepseek
603222,济民健康,医药生物,deepseek
002227,*ST特迅,电力设备,deepseek
600155,华创云信,非银金融,deepseek
300141,和顺电气,电力设备,rule
605566,福莱蒽特,基础化工,deepseek
001225,和泰机电,机械设备,deepseek
000981,山子高科,汽车,deepseek
603626,科森科技,电子,deepseek
601728,中国电信,通信,rule
600844,金煤科技,基础化工,deepseek
002460,赣锋锂业,有色金属,rule
600410,华胜天成,计算机,deepseek
002255,海陆重工,电力设备,deepseek
002774,快意电梯,机械设备,deepseek
300279,和晶科技,电子,deepseek
300539,横河精密,机械设备,deepseek
300377,赢时胜,计算机,deepseek
688625,呈和科技,基础化工,deepseek
603013,亚普股份,汽车,deepseek
600688,上海石化,石油石化,rule
601985,中国核电,公用事业,rule
002045,国光电器,电子,deepseek
600036,招商银行,银行,rule
601229,上海银行,银行,rule
000798,中水渔业,农林牧渔,rule
000915,华特达因,医药生物,deepseek
002241,歌尔股份,电子,deepseek
600793,宜宾纸业,轻工制造,deepseek
600080,ST金花,医药生物,deepseek
605090,九丰能源,公用事业,deepseek
002265,建设工业,国防军工,deepseek
300266,兴源环境,社会服务,rule
688022,ST瀚川,电子,strategy
000920,沃顿科技,环保,deepseek
600790,轻纺城,商贸零售,deepseek
603022,新通联,轻工制造,deepseek
301275,汉朔科技,计算机,deepseek
002271,东方雨虹,建筑材料,deepseek
300148,天舟文化,传媒,strategy
600340,*ST华幸,房地产,deepseek
600301,华锡有色,有色金属,rule
600579,中化装备,机械设备,deepseek
600172,黄河旋风,机械设备,deepseek
603057,紫燕食品,食品饮料,rule
603716,塞力医疗,医药生物,deepseek
688677,海泰新光,电子,strategy
603885,吉祥航空,交通运输,rule
002896,中大力德,机械设备,deepseek
002301,齐心集团,商贸零售,deepseek
603682,锦和商管,商贸零售,deepseek
300062,中能电气,电力设备,rule
600622,光大嘉宝,房地产,deepseek
600198,大唐电信,通信,rule
603182,嘉华股份,农林牧渔,deepseek
300918,南山智尚,纺织服饰,deepseek
002486,嘉麟杰,纺织服饰,deepseek
000610,*ST西旅,社会服务,strategy
601279,英利汽车,汽车,rule
301153,中科江南,计算机,deepseek
601669,中国电建,建筑装饰,deepseek
300995,奇德新材,基础化工,deepseek
300486,东杰智能,计算机,rule
600052,东望时代,综合,deepseek
688372,伟测科技,电子,strategy
688515,裕太微,电子,strategy
300180,华峰超纤,基础化工,deepseek
300212,*ST易录,计算机,deepseek
002558,巨人网络,传媒,strategy
600108,亚盛集团,农林牧渔,deepseek
688520,神州细胞,医药生物,rule
600827,百联股份,商贸零售,deepseek
001369,双欣材料,基础化工,deepseek
600403,大有能源,煤炭,strategy
600208,衢州发展,房地产,deepseek
002548,金新农,农林牧渔,deepseek
001299,美能能源,公用事业,deepseek
000061,农 产 品,商贸零售,deepseek
000937,冀中能源,煤炭,deepseek
301395,仁信新材,基础化工,deepseek
300856,科思股份,基础化工,deepseek
000959,首钢股份,钢铁,deepseek
603628,清源股份,电力设备,deepseek
600859,王府井,商贸零售,deepseek
300497,富祥股份,医药生物,deepseek
688139,海尔生物,医药生物,rule
600373,中文传媒,传媒,rule
600037,歌华有线,传媒,deepseek
600259,中稀有色,有色金属,rule
601799,星宇股份,汽车,deepseek
603173,福斯达,机械设备,deepseek
002807,江阴银行,银行,rule
300653,正海生物,医药生物,rule
601998,中信银行,银行,rule
603700,宁水集团,机械设备,deepseek
600548,深高速,交通运输,deepseek
000797,中国武夷,房地产,deepseek
603085,天成自控,汽车,deepseek
603209,兴通股份,交通运输,deepseek
000631,顺发恒能,房地产,deepseek
600333,长春燃气,公用事业,deepseek
600689,上海三毛,纺织服饰,deepseek
002687,乔治白,纺织服饰,deepseek
002029,七 匹 狼,纺织服饰,deepseek
515220,,煤炭,deepseek
301130,西点药业,医药生物,rule
300169,天晟新材,基础化工,deepseek
002056,横店东磁,电力设备,deepseek
588000,科创50ETF,电子,deepseek
600028,中国石化,石油石化,rule
002858,力盛体育,社会服务,rule
688496,*ST清越,电子,strategy
600794,保税科技,交通运输,deepseek
600117,西宁特钢,钢铁,rule
300718,长盛轴承,机械设备,rule
603131,上海沪工,机械设备,deepseek
002887,绿茵生态,社会服务,rule
300613,富瀚微,电子,strategy
603113,金能科技,煤炭,deepseek
603790,雅运股份,基础化工,deepseek
000301,东方盛虹,石油石化,deepseek
002131,利欧股份,机械设备,deepseek
600316,洪都航空,交通运输,rule
603755,日辰股份,食品饮料,deepseek
600855,航天长峰,国防军工,rule
002004,华邦健康,医药生物,deepseek
002570,贝因美,食品饮料,deepseek
601886,江河集团,建筑装饰,deepseek
002729,好利科技,电子,deepseek
600789,鲁抗医药,医药生物,rule
300468,四方精创,计算机,deepseek
603181,皇马科技,基础化工,deepseek
002150,正泰电源,电力设备,deepseek
002624,完美世界,传媒,deepseek
000719,中原传媒,传媒,rule
301556,托普云农,计算机,deepseek
601133,柏诚股份,建筑装饰,deepseek
002766,索菱股份,汽车,deepseek
600905,三峡能源,公用事业,deepseek
300098,高新兴,通信,strategy
603929,亚翔集成,建筑装饰,deepseek
002649,博彦科技,计算机,deepseek
300661,圣邦股份,电子,deepseek
603016,新宏泰,电力设备,deepseek
603486,科沃斯,家用电器,deepseek
300972,万辰集团,农林牧渔,deepseek
159736,,食品饮料,deepseek
600262,北方股份,机械设备,deepseek
300871,回盛生物,医药生物,rule
600135,乐凯胶片,基础化工,deepseek
301171,易点天下,传媒,deepseek
601137,博威合金,有色金属,deepseek
300206,理邦仪器,医药生物,deepseek
000066,中国长城,计算机,deepseek
301129,瑞纳智能,计算机,rule
605376,博迁新材,有色金属,deepseek
300778,新城市,建筑装饰,deepseek
601798,蓝科高新,机械设备,deepseek
603706,东方环宇,公用事业,deepseek
600571,信雅达,计算机,deepseek
000157,中联重科,机械设备,deepseek
600082,ST海泰,房地产,deepseek
600563,法拉电子,电子,rule
301047,义翘神州,医药生物,deepseek
688138,清溢光电,电子,strategy
600841,动力新科,汽车,deepseek
300643,万通智控,汽车,deepseek
301105,鸿铭股份,机械设备,deepseek
603578,三星新材,家用电器,deepseek
301262,海看股份,传媒,deepseek
600526,菲达环保,社会服务,rule
301183,东田微,电子,deepseek
600588,用友网络,计算机,deepseek
300073,当升科技,电力设备,deepseek
603406,天富龙,基础化工,deepseek
688270,ST臻镭,电子,strategy
600234,科新发展,房地产,deepseek
600565,,电子,deepseek
600331,宏达股份,化工,strategy
300251,光线传媒,传媒,rule
600335,国机汽车,汽车,rule
002489,浙江永强,轻工制造,deepseek
603610,麒盛科技,轻工制造,deepseek
688076,ST诺泰,电子,strategy
002382,蓝帆医疗,医药生物,deepseek
600782,新钢股份,钢铁,deepseek
688097,博众精工,电子,strategy
603090,宏盛股份,机械设备,deepseek
688658,悦康药业,医药生物,rule
601908,京运通,电力设备,deepseek
600380,健康元,医药生物,deepseek
688433,华曙高科,电子,strategy
000025,特  力Ａ,汽车,deepseek
688031,星环科技,电子,strategy
688295,XD中复神,基础化工,deepseek
688052,纳芯微,电子,strategy
600698,湖南天雁,汽车,deepseek
301211,亨迪药业,医药生物,rule
601069,西部黄金,有色金属,rule
603098,森特股份,建筑装饰,deepseek
001268,联合精密,机械设备,deepseek
600757,长江传媒,传媒,rule
300940,南极光,电子,deepseek
000955,欣龙控股,纺织服饰,deepseek
512800,,银行,deepseek
600773,西藏城投,房地产,deepseek
688195,腾景科技,电子,strategy
300560,中富通,通信,deepseek
002878,元隆雅图,传媒,deepseek
688278,特宝生物,医药生物,rule
002841,视源股份,电子,deepseek
600877,电科芯片,电子,rule
600197,伊力特,食品饮料,deepseek
688029,南微医学,电子,strategy
603919,金徽酒,食品饮料,strategy
600356,恒丰纸业,轻工制造,deepseek
300878,维康药业,医药生物,rule
300233,金城医药,医药生物,rule
603017,中衡设计,建筑装饰,deepseek
600348,华阳股份,煤炭,deepseek
688246,嘉和美康,计算机,deepseek
688296,和达科技,计算机,deepseek
002642,荣联科技,计算机,deepseek
688301,奕瑞科技,电子,strategy
600538,国发股份,医药生物,deepseek
000967,盈峰环境,社会服务,rule
600073,光明肉业,食品饮料,deepseek
300416,苏试试验,机械设备,deepseek
601777,千里科技,汽车,deepseek
000862,银星能源,公用事业,deepseek
002329,皇氏集团,食品饮料,deepseek
688321,微芯生物,医药生物,rule
600376,首开股份,房地产,deepseek
600861,北京人力,社会服务,deepseek
000919,金陵药业,医药生物,rule
511990,,非银金融,deepseek
688337,普源精电,机械设备,deepseek
002370,亚太药业,医药生物,rule
688222,成都先导,电子,strategy
300277,汽轮科技,汽车,deepseek
600873,梅花生物,医药生物,rule
600761,安徽合力,机械设备,deepseek
601988,中国银行,银行,rule
600845,宝信软件,计算机,rule
002233,塔牌集团,建筑材料,deepseek
600609,金杯汽车,汽车,rule
002922,伊戈尔,电力设备,deepseek
603355,莱克电气,电力设备,rule
002567,唐人神,农林牧渔,deepseek
603058,永吉股份,轻工制造,deepseek
300328,宜安科技,有色金属,deepseek
000069,华侨城Ａ,房地产,deepseek
600707,彩虹股份,电子,deepseek
603725,天安新材,基础化工,deepseek
301046,能辉科技,电力设备,deepseek
600337,ST美克,轻工制造,deepseek
688510,航亚科技,电子,strategy
301558,三态股份,商贸零售,deepseek
300009,安科生物,医药生物,rule
300261,雅本化学,基础化工,rule
000795,英洛华,有色金属,deepseek
002099,海翔药业,医药生物,rule
600429,三元股份,食品饮料,deepseek
688569,铁科轨道,电子,strategy
300641,正丹股份,基础化工,deepseek
688313,仕佳光子,电子,strategy
600458,时代新材,基础化工,deepseek
300316,晶盛机电,机械设备,deepseek
600999,招商证券,非银金融,rule
300077,国民技术,电子,deepseek
300075,数字政通,计算机,deepseek
603396,金辰股份,电力设备,deepseek
603208,江山欧派,轻工制造,deepseek
600820,隧道股份,建筑装饰,deepseek
300702,天宇股份,医药生物,deepseek
688691,灿芯股份,电子,strategy
600824,益民集团,商贸零售,deepseek
159985,,石油石化,deepseek
002921,联诚精密,汽车,deepseek
300762,上海瀚讯,国防军工,strategy
159967,,计算机,deepseek
603150,万朗磁塑,家用电器,deepseek
001277,速达股份,机械设备,deepseek
300415,伊之密,机械设备,deepseek
003000,劲仔食品,食品饮料,rule
603282,亚光股份,机械设备,deepseek
301588,美新科技,建筑材料,deepseek
300593,新雷能,电力设备,deepseek
000559,万向钱潮,汽车,deepseek
002762,*ST金比,纺织服饰,deepseek
605189,富春染织,纺织服饰,deepseek
000042,中洲控股,房地产,deepseek
002628,成都路桥,建筑装饰,deepseek
688172,燕东微,电子,strategy
002290,禾盛新材,家用电器,deepseek
002737,葵花药业,医药生物,rule
601058,赛轮轮胎,汽车,rule
000409,云鼎科技,计算机,deepseek
603501,豪威集团,电子,deepseek
600162,香江控股,房地产,deepseek
601598,中国外运,交通运输,deepseek
603515,欧普照明,家用电器,rule
001696,宗申动力,汽车,deepseek
688578,艾力斯,电子,strategy
601566,九牧王,纺织服饰,deepseek
600038,中直股份,国防军工,deepseek
600452,涪陵电力,公用事业,rule
300132,青松股份,基础化工,deepseek
601816,京沪高铁,交通运输,deepseek
300058,蓝色光标,传媒,deepseek
001309,德明利,电子,deepseek
300474,景嘉微,电子,deepseek
002124,天邦食品,食品饮料,rule
002926,华西证券,非银金融,rule
000931,中 关 村,医药生物,deepseek
600166,福田汽车,汽车,rule
605001,威奥股份,机械设备,deepseek
000408,藏格矿业,有色金属,rule
600895,张江高科,房地产,deepseek
688631,莱斯信息,电子,strategy
603033,三维股份,基础化工,deepseek
600593,大连圣亚,社会服务,deepseek
601061,中信金属,有色金属,deepseek
600351,亚宝药业,医药生物,rule
605507,国邦医药,医药生物,rule
300113,顺网科技,传媒,strategy
605116,奥锐特,医药生物,deepseek
600338,西藏珠峰,有色金属,deepseek
002145,钛能化学,基础化工,rule
688697,纽威数控,电子,strategy
603220,中贝通信,通信,rule
001221,悍高集团,轻工制造,deepseek
600390,五矿资本,非银金融,deepseek
600336,澳柯玛,家用电器,deepseek
002952,亚世光电,电子,deepseek
300735,光弘科技,电子,deepseek
688345,博力威,电子,strategy
600104,上汽集团,汽车,deepseek
000977,浪潮信息,计算机,deepseek
601059,信达证券,非银金融,rule
600834,申通地铁,交通运输,deepseek
601066,中信建投,非银金融,deepseek
300529,健帆生物,医药生物,rule
002263,大东南,基础化工,deepseek
603272,*ST联翔,轻工制造,deepseek
300413,芒果超媒,传媒,deepseek
600897,厦门空港,交通运输,deepseek
603637,镇海股份,建筑装饰,deepseek
603083,剑桥科技,通信,deepseek
603665,康隆达,纺织服饰,deepseek
688598,金博股份,电子,strategy
002757,南兴股份,机械设备,deepseek
688696,极米科技,电子,strategy
688489,三未信安,计算机,deepseek
601077,渝农商行,银行,deepseek
600192,长城电工,电力设备,deepseek
600031,三一重工,机械设备,deepseek
300679,电连技术,电子,deepseek
002443,金洲管道,钢铁,deepseek
688498,源杰科技,电子,strategy
605099,共创草坪,轻工制造,deepseek
600642,申能股份,公用事业,deepseek
002589,瑞康医药,医药生物,rule
600051,宁波联合,综合,deepseek
603089,正裕工业,汽车,deepseek
002752,昇兴股份,轻工制造,deepseek
002898,*ST赛隆,医药生物,deepseek
688289,圣湘生物,医药生物,rule
510880,,银行,deepseek
300861,美畅股份,电力设备,deepseek
000612,焦作万方,有色金属,deepseek
300749,顶固集创,轻工制造,deepseek
600641,先导基电,房地产,deepseek
603699,纽威股份,机械设备,deepseek
300996,普联软件,计算机,rule
000532,华金资本,非银金融,deepseek
002343,慈文传媒,传媒,rule
600439,瑞贝卡,纺织服饰,deepseek
300436,广生堂,医药生物,deepseek
300353,东土科技,计算机,deepseek
603123,翠微股份,商贸零售,deepseek
003035,南网能源,公用事业,deepseek
000893,亚钾国际,基础化工,deepseek
300676,华大基因,医药生物,rule
600216,浙江医药,医药生物,rule
600983,惠而浦,家用电器,deepseek
605368,蓝天燃气,公用事业,deepseek
001330,博纳影业,传媒,deepseek
300123,ST亚光,国防军工,deepseek
002003,伟星股份,纺织服饰,deepseek
300775,三角防务,国防军工,strategy
603703,盛洋科技,通信,deepseek
603128,华贸物流,交通运输,rule
600818,ST中路,汽车,deepseek
605333,沪光股份,汽车,deepseek
002032,苏 泊 尔,家用电器,deepseek
159883,,医药生物,deepseek
600233,圆通速递,交通运输,deepseek
000657,中钨高新,有色金属,deepseek
600143,金发科技,基础化工,deepseek
688591,泰凌微,电子,strategy
600022,山东钢铁,钢铁,rule
603601,再升科技,建筑材料,deepseek
603730,岱美股份,汽车,deepseek
603331,百达精工,汽车,deepseek
002901,大博医疗,医药生物,deepseek
301487,盟固利,电力设备,deepseek
605268,王力安防,轻工制造,deepseek
002916,深南电路,电子,deepseek
002830,名雕股份,建筑装饰,deepseek
002082,ST万邦,建筑材料,deepseek
600865,百大集团,商贸零售,deepseek
601162,天风证券,非银金融,rule
605488,福莱新材,基础化工,deepseek
603408,建霖家居,轻工制造,rule
600558,大西洋,机械设备,deepseek
002353,杰瑞股份,机械设备,deepseek
603489,八方股份,电力设备,deepseek
000858,五 粮 液,食品饮料,strategy
301165,锐捷网络,通信,deepseek
600405,动力源,电力设备,deepseek
000767,晋控电力,公用事业,rule
300149,睿智医药,医药生物,rule
603055,台华新材,纺织服饰,deepseek
601678,滨化股份,基础化工,deepseek
600928,西安银行,银行,rule
301503,智迪科技,计算机,deepseek
688400,凌云光,电子,strategy
003022,联泓新科,电力设备,deepseek
600971,恒源煤电,煤炭,strategy
002404,嘉欣丝绸,纺织服饰,rule
301622,英思特,有色金属,deepseek
300898,熊猫乳品,食品饮料,deepseek
000070,特发信息,通信,deepseek
601083,锦江航运,交通运输,rule
510180,,非银金融,deepseek
300677,英科医疗,医药生物,deepseek
603162,海通发展,交通运输,deepseek
600241,时代万恒,商贸零售,deepseek
300748,金力永磁,有色金属,deepseek
002714,牧原股份,农林牧渔,strategy
301339,通行宝,计算机,deepseek
600479,千金药业,医药生物,rule
159740,,计算机,deepseek
300703,创源股份,轻工制造,deepseek
603001,奥康国际,纺织服饰,deepseek
688567,孚能科技,电子,strategy
002203,海亮股份,有色金属,deepseek
603969,银龙股份,机械设备,deepseek
688549,中巨芯,电子,strategy
002223,鱼跃医疗,医药生物,deepseek
688300,联瑞新材,电子,strategy
688758,赛分科技,医药生物,deepseek
001259,利仁科技,家用电器,deepseek
600958,东方证券,非银金融,rule
605567,春雪食品,食品饮料,rule
601991,大唐发电,公用事业,rule
000813,德展健康,医药生物,deepseek
300567,精测电子,电子,rule
600666,奥瑞德,电子,deepseek
002052,同洲电子,电子,rule
600088,中视传媒,传媒,rule
600510,黑牡丹,房地产,deepseek
002585,双星新材,基础化工,deepseek
600141,兴发集团,基础化工,deepseek
688188,柏楚电子,电子,rule
601677,明泰铝业,有色金属,rule
600089,特变电工,电力设备,rule
000425,徐工机械,机械设备,rule
688298,东方生物,医药生物,rule
603238,诺邦股份,纺织服饰,deepseek
600415,小商品城,商贸零售,deepseek
002194,武汉凡谷,通信,deepseek
002927,泰永长征,电力设备,deepseek
688582,芯动联科,电子,strategy
603236,移远通信,通信,rule
300101,振芯科技,国防军工,deepseek
600370,*ST三房,纺织服饰,deepseek
603690,至纯科技,电子,deepseek
002911,佛燃能源,公用事业,deepseek
300188,国投智能,计算机,rule
300345,华民股份,机械设备,deepseek
603630,拉芳家化,美容护理,deepseek
600084,*ST尼雅,食品饮料,deepseek
301323,新莱福,有色金属,deepseek
600817,宇通重工,环保,deepseek
002497,雅化集团,基础化工,deepseek
688021,奥福科技,电子,strategy
603233,大参林,医药生物,deepseek
603718,*ST海利,医药生物,deepseek
512890,,医药生物,deepseek
601127,赛力斯,汽车,deepseek
603257,中国瑞林,建筑装饰,deepseek
000737,北方铜业,有色金属,rule
600210,紫江企业,轻工制造,deepseek
688167,炬光科技,电子,strategy
603938,三孚股份,基础化工,deepseek
300979,华利集团,纺织服饰,deepseek
600600,青岛啤酒,食品饮料,rule
300463,迈克生物,医药生物,rule
603153,上海建科,建筑装饰,deepseek
300584,海辰药业,医药生物,rule
301021,英诺激光,电子,rule
603306,华懋科技,汽车,deepseek
300724,捷佳伟创,电力设备,deepseek
600780,通宝能源,公用事业,deepseek
600585,海螺水泥,建筑材料,rule
300777,中简科技,化工,strategy
603069,海汽集团,交通运输,deepseek
600645,中源协和,医药生物,strategy
603683,晶华新材,基础化工,deepseek
603321,梅轮电梯,机械设备,deepseek
688027,国盾量子,通信,deepseek
688326,经纬恒润,电子,strategy
600545,卓郎智能,计算机,rule
600862,中航高科,国防军工,deepseek
301080,百普赛斯,医药生物,deepseek
603309,维力医疗,医药生物,deepseek
002016,世荣兆业,房地产,deepseek
603167,渤海轮渡,交通运输,deepseek
300295,*ST三六五,传媒,deepseek
002413,雷科防务,国防军工,deepseek
300771,智莱科技,计算机,deepseek
003021,兆威机电,电力设备,deepseek
300919,中伟新材,电力设备,deepseek
301345,涛涛车业,汽车,deepseek
688698,伟创电气,电力设备,rule
300025,华星创业,通信,deepseek
300548,长芯博创,通信,deepseek
300360,炬华科技,电力设备,deepseek
300750,宁德时代,电力设备,deepseek
002950,奥美医疗,医药生物,deepseek
300174,元力股份,基础化工,deepseek
600860,京城股份,机械设备,deepseek
603111,康尼机电,机械设备,deepseek
301215,中汽股份,汽车,deepseek
688150,莱特光电,电子,deepseek
600371,万向德农,农林牧渔,deepseek
600078,澄星股份,基础化工,deepseek
600186,莲花控股,食品饮料,deepseek
600662,外服控股,社会服务,deepseek
002579,中京电子,电子,rule
000987,越秀资本,非银金融,deepseek
688558,国盛智科,电子,strategy
300604,长川科技,电子,deepseek
000768,中航西飞,国防军工,deepseek
601658,邮储银行,银行,rule
002160,常铝股份,有色金属,deepseek
300411,金盾股份,机械设备,deepseek
301306,西测测试,机械设备,deepseek
002381,双箭股份,基础化工,deepseek
000650,仁和药业,医药生物,rule
603213,镇洋发展,基础化工,deepseek
600643,爱建集团,非银金融,deepseek
603698,航天工程,建筑装饰,rule
600081,东风科技,汽车,deepseek
688155,先惠技术,电子,strategy
601818,光大银行,银行,rule
688699,明微电子,电子,rule
688100,威胜信息,电子,strategy
301511,德福科技,电力设备,deepseek
600328,中盐化工,基础化工,rule
603158,腾龙股份,汽车,deepseek
301152,天力锂能,电力设备,deepseek
688185,康希诺,医药生物,deepseek
002756,永兴材料,有色金属,deepseek
603229,奥翔药业,医药生物,rule
601921,浙版传媒,传媒,rule
603667,五洲新春,机械设备,deepseek
688218,江苏北人,机械设备,strategy
000510,新金路,基础化工,deepseek
603301,振德医疗,医药生物,deepseek
300134,大富科技,通信,strategy
600018,上港集团,交通运输,deepseek
603118,共进股份,通信,deepseek
002228,合兴包装,轻工制造,rule
688596,正帆科技,电子,strategy
600230,沧州大化,基础化工,deepseek
301150,中一科技,电力设备,deepseek
000930,中粮科技,农林牧渔,deepseek
301018,申菱环境,社会服务,rule
605208,永茂泰,汽车,deepseek
600746,江苏索普,基础化工,deepseek
600612,老凤祥,纺织服饰,deepseek
002180,奔图科技,计算机,deepseek
300481,濮阳惠成,基础化工,deepseek
002238,天威视讯,传媒,deepseek
600960,渤海汽车,汽车,rule
600446,金证股份,计算机,deepseek
000785,居然智家,商贸零售,deepseek
300600,国瑞科技,国防军工,deepseek
002085,万丰奥威,汽车,deepseek
000628,高新发展,建筑装饰,deepseek
301302,华如科技,国防军工,deepseek
600496,精工钢构,建筑装饰,deepseek
600276,恒瑞医药,医药生物,rule
002406,远东传动,汽车,deepseek
603895,天永智能,计算机,rule
002293,罗莱生活,纺织服饰,deepseek
301607,富特科技,汽车,deepseek
300304,云意电气,电力设备,rule
300651,金陵体育,社会服务,rule
300454,深信服,计算机,deepseek
688303,大全能源,电力设备,deepseek
300815,玉禾田,环保,deepseek
588290,,电子,deepseek
002210,飞马国际,环保,deepseek
600487,亨通光电,通信,deepseek
603444,XD吉比特,传媒,deepseek
688252,天德钰,电子,strategy
600630,龙头股份,纺织服饰,deepseek
002873,新天药业,医药生物,rule
688047,龙芯中科,电子,deepseek
002428,云南锗业,有色金属,deepseek
002458,益生股份,农林牧渔,deepseek
002001,新 和 成,基础化工,deepseek
600231,凌钢股份,钢铁,deepseek
000819,岳阳兴长,石油石化,deepseek
002311,海大集团,农林牧渔,strategy
002862,实丰文化,传媒,strategy
600395,盘江股份,煤炭,deepseek
688062,迈威生物,医药生物,rule
300875,捷强装备,国防军工,deepseek
605151,西上海,汽车,deepseek
002157,正邦科技,农林牧渔,deepseek
688088,虹软科技,计算机,strategy
002979,雷赛智能,计算机,rule
002707,众信旅游,社会服务,rule
002600,领益智造,电子,deepseek
301099,雅创电子,电子,rule
603535,嘉诚国际,交通运输,deepseek
002469,三维化学,基础化工,rule
688025,杰普特,电子,strategy
603112,华翔股份,机械设备,deepseek
601898,中煤能源,煤炭,deepseek
600467,好当家,农林牧渔,deepseek
603073,彩蝶实业,纺织服饰,deepseek
300853,申昊科技,机械设备,deepseek
300001,特锐德,电力设备,deepseek
605598,上海港湾,建筑装饰,deepseek
301489,思泉新材,电子,deepseek
600589,大位科技,计算机,deepseek
600232,金鹰股份,纺织服饰,deepseek
688608,恒玄科技,电子,strategy
002472,双环传动,机械设备,strategy
002034,旺能环境,社会服务,rule
603365,水星家纺,纺织服饰,rule
300341,麦克奥迪,电力设备,deepseek
600497,驰宏锌锗,有色金属,deepseek
600389,江山股份,基础化工,deepseek
300106,西部牧业,农林牧渔,rule
002580,圣阳股份,电力设备,deepseek
002046,国机精工,机械设备,deepseek
002633,申科股份,机械设备,deepseek
002389,航天彩虹,国防军工,rule
600543,*ST莫高,食品饮料,deepseek
002838,道恩股份,基础化工,deepseek
600592,龙溪股份,机械设备,deepseek
301216,万凯新材,基础化工,deepseek
300607,拓斯达,机械设备,deepseek
600562,国睿科技,国防军工,deepseek
688630,芯碁微装,电子,strategy
603416,信捷电气,电力设备,rule
600868,梅雁吉祥,公用事业,deepseek
600217,中再资环,环保,deepseek
002917,金奥博,基础化工,deepseek
601688,华泰证券,非银金融,rule
688617,惠泰医疗,医药生物,deepseek
001231,农心科技,基础化工,deepseek
601012,隆基绿能,电力设备,deepseek
301036,双乐股份,基础化工,deepseek
301031,中熔电气,电力设备,rule
000603,盛达资源,有色金属,deepseek
300828,锐新科技,机械设备,deepseek
002416,爱施德,商贸零售,deepseek
300870,欧陆通,电力设备,deepseek
605266,健之佳,医药生物,deepseek
002599,盛通股份,轻工制造,deepseek
601186,中国铁建,建筑装饰,deepseek
300857,协创数据,电子,deepseek
300002,神州泰岳,传媒,strategy
603270,金帝股份,汽车,deepseek
600573,惠泉啤酒,食品饮料,rule
300036,超图软件,计算机,rule
600795,国电电力,公用事业,rule
688225,亚信安全,电子,strategy
605196,华通线缆,电力设备,deepseek
002928,华夏航空,交通运输,rule
300533,冰川网络,传媒,deepseek
600988,赤峰黄金,有色金属,rule
600188,兖矿能源,煤炭,deepseek
002043,兔 宝 宝,建筑材料,deepseek
688283,坤恒顺维,国防军工,deepseek
688772,珠海冠宇,电子,strategy
688380,中微半导,电子,strategy
603192,汇得科技,基础化工,deepseek
600739,辽宁成大,非银金融,deepseek
603096,新经典,传媒,deepseek
688055,龙腾光电,电子,strategy
002050,三花智控,电力设备,deepseek
002202,金风科技,电力设备,deepseek
301057,汇隆新材,基础化工,deepseek
600423,*ST柳化,基础化工,deepseek
600330,天通股份,电子,deepseek
000708,中信特钢,钢铁,rule
300722,新余国科,国防军工,deepseek
600623,华谊集团,基础化工,deepseek
601022,宁波远洋,交通运输,rule
000927,中国铁物,交通运输,deepseek
301110,青木科技,商贸零售,deepseek
000539,粤电力Ａ,公用事业,deepseek
688327,云从科技,电子,strategy
300747,锐科激光,电子,rule
688066,*ST航图,电子,strategy
003816,中国广核,公用事业,deepseek
000690,宝新能源,公用事业,rule
603291,联合水务,公用事业,deepseek
600744,华银电力,公用事业,rule
002321,华英农业,农林牧渔,rule
300596,利安隆,基础化工,deepseek
603809,豪能股份,汽车,deepseek
688385,复旦微电,电子,strategy
688111,金山办公,计算机,deepseek
600459,贵研铂业,有色金属,deepseek
600298,安琪酵母,食品饮料,deepseek
300759,康龙化成,医药生物,deepseek
002773,康弘药业,医药生物,rule
603596,伯特利,汽车,deepseek
300731,科创新源,基础化工,deepseek
601179,中国西电,电力设备,deepseek
600644,乐山电力,公用事业,rule
300154,瑞凌股份,机械设备,deepseek
002206,海 利 得,基础化工,deepseek
002956,西麦食品,食品饮料,rule
605111,新洁能,电子,strategy
600246,万通发展,房地产,deepseek
600886,国投电力,公用事业,rule
300191,潜能恒信,石油石化,deepseek
600637,东方明珠,传媒,deepseek
603275,众辰科技,机械设备,deepseek
300081,ST恒信,传媒,deepseek
600933,爱柯迪,汽车,deepseek
300183,东软载波,电子,deepseek
603903,中持股份,环保,deepseek
600821,金开新能,公用事业,deepseek
002449,国星光电,电子,deepseek
300547,川环科技,汽车,deepseek
300380,安硕信息,计算机,deepseek
000032,深桑达Ａ,计算机,deepseek
300796,贝斯美,基础化工,deepseek
000897,津滨发展,房地产,strategy
688033,*ST天宜,电子,strategy
300054,鼎龙股份,电子,deepseek
600481,双良节能,电力设备,deepseek
588180,,电子,deepseek
300100,双林股份,汽车,deepseek
300094,国联水产,农林牧渔,deepseek
600004,白云机场,交通运输,rule
601801,皖新传媒,传媒,rule
002846,英联股份,轻工制造,deepseek
603122,合富中国,医药生物,deepseek
688319,欧林生物,医药生物,rule
001301,尚太科技,电力设备,deepseek
002998,优彩资源,基础化工,deepseek
688336,三生国健,电子,strategy
601929,吉视传媒,传媒,rule
600183,生益科技,电子,deepseek
603605,珀莱雅,美容护理,deepseek
001376,百通能源,公用事业,deepseek
601138,工业富联,电子,deepseek
688615,合合信息,计算机,strategy
605136,丽人丽妆,商贸零售,deepseek
600332,白云山,医药生物,deepseek
600125,铁龙物流,交通运输,rule
605058,澳弘电子,电子,rule
159399,,电子,deepseek
300136,信维通信,通信,rule
600981,苏豪汇鸿,商贸零售,deepseek
603711,香飘飘,食品饮料,deepseek
603669,灵康药业,医药生物,rule
603100,川仪股份,机械设备,deepseek
300503,昊志机电,机械设备,deepseek
600649,城投控股,房地产,deepseek
300623,捷捷微电,电子,deepseek
511380,,银行,deepseek
603658,安图生物,医药生物,rule
000063,中兴通讯,通信,strategy
688121,卓然股份,机械设备,deepseek
600428,中远海特,交通运输,deepseek
300299,富春股份,传媒,strategy
688002,睿创微纳,电子,strategy
605068,明新旭腾,汽车,deepseek
300394,天孚通信,通信,rule
605117,德业股份,电力设备,deepseek
301308,江波龙,电子,deepseek
603608,天创时尚,纺织服饰,deepseek
688308,欧科亿,电子,strategy
600171,上海贝岭,电子,deepseek
688560,明冠新材,电子,strategy
600798,宁波海运,交通运输,rule
688001,华兴源创,电子,strategy
000989,九芝堂,医药生物,deepseek
600917,重庆燃气,公用事业,deepseek
301221,光庭信息,汽车,deepseek
601607,上海医药,医药生物,rule
301662,宏工科技,机械设备,deepseek
600582,天地科技,机械设备,deepseek
600191,华资实业,农林牧渔,deepseek
603269,海鸥股份,机械设备,deepseek
300893,松原安全,汽车,deepseek
600223,福瑞达,房地产,deepseek
600775,南京熊猫,通信,deepseek
002208,合肥城建,房地产,deepseek
603677,奇精机械,机械设备,rule
688680,海优新材,电子,strategy
688038,中科通达,计算机,deepseek
000917,电广传媒,传媒,rule
301325,曼恩斯特,电力设备,deepseek
600655,豫园股份,商贸零售,deepseek
600598,北大荒,农林牧渔,deepseek
603533,掌阅科技,传媒,deepseek
603728,鸣志电器,电力设备,deepseek
000888,峨眉山Ａ,社会服务,strategy
688660,电气风电,公用事业,rule
300920,润阳科技,基础化工,deepseek
601106,中国一重,机械设备,deepseek
002791,坚朗五金,轻工制造,rule
000632,ST三木,综合,deepseek
689009,九号公司,汽车,deepseek
516970,,机械设备,deepseek
688728,格科微,电子,deepseek
002259,升达林业,环保,deepseek
002020,京新药业,医药生物,rule
300005,探路者,纺织服饰,deepseek
301292,海科新源,基础化工,deepseek
001279,强邦新材,轻工制造,deepseek
300535,达威股份,基础化工,deepseek
603177,德创环保,社会服务,rule
688636,智明达,电子,strategy
300086,康芝药业,医药生物,rule
600713,南京医药,医药生物,rule
605098,行动教育,社会服务,rule
600377,宁沪高速,交通运输,deepseek
002537,海联金汇,商贸零售,deepseek
601928,凤凰传媒,传媒,rule
603188,亚邦股份,基础化工,deepseek
688126,沪硅产业,电子,deepseek
301137,哈焊华通,机械设备,deepseek
603829,洛凯股份,电力设备,deepseek
001260,坤泰股份,汽车,deepseek
600127,金健米业,农林牧渔,deepseek
600039,四川路桥,建筑装饰,deepseek
002603,以岭药业,医药生物,rule
600597,光明乳业,食品饮料,rule
300855,图南股份,国防军工,strategy
601666,平煤股份,煤炭,strategy
600686,金龙汽车,汽车,rule
603327,福蓉科技,电子,deepseek
002483,润邦股份,机械设备,deepseek
300337,银邦股份,有色金属,deepseek
300271,华宇软件,计算机,rule
600769,祥龙电业,公用事业,deepseek
300681,英搏尔,汽车,deepseek
300860,锋尚文化,传媒,deepseek
601218,吉鑫科技,电力设备,deepseek
600478,科力远,电力设备,deepseek
002303,美盈森,轻工制造,deepseek
605123,派克新材,国防军工,deepseek
002409,雅克科技,电子,deepseek
300219,鸿利智汇,电子,deepseek
603701,德宏股份,汽车,deepseek
000906,浙商中拓,商贸零售,deepseek
600372,中航机载,国防军工,deepseek
600219,南山铝业,有色金属,rule
300434,金石亚药,医药生物,deepseek
300792,壹网壹创,商贸零售,deepseek
688297,XD中无人,电子,strategy
600063,XD皖维高,基础化工,deepseek
600455,博通股份,计算机,deepseek
301246,宏源药业,医药生物,rule
600941,中国移动,通信,deepseek
600537,*ST亿晶,电力设备,deepseek
600710,苏美达,商贸零售,deepseek
002163,海南发展,建筑装饰,deepseek
600292,电投水电,公用事业,rule
601609,金田股份,有色金属,deepseek
688475,萤石网络,计算机,strategy
002345,潮宏基,纺织服饰,deepseek
603071,物产环能,煤炭,deepseek
603806,福斯特,电力设备,deepseek
600998,九州通,医药生物,deepseek
301087,可孚医疗,医药生物,deepseek
300406,九强生物,医药生物,rule
002186,全 聚 德,食品饮料,deepseek
603207,小方制药,医药生物,rule
601899,紫金矿业,有色金属,rule
603717,天域生物,医药生物,rule
301073,君亭酒店,社会服务,rule
600409,三友化工,基础化工,rule
300418,昆仑万维,传媒,deepseek
603979,金诚信,有色金属,deepseek
000677,ST海龙,基础化工,deepseek
002494,华斯股份,纺织服饰,deepseek
600774,汉商集团,医药生物,deepseek
300496,中科创达,计算机,deepseek
300787,海能实业,电子,deepseek
002465,海格通信,通信,rule
002059,云南旅游,社会服务,rule
600189,泉阳泉,食品饮料,deepseek
603256,宏和科技,电子,deepseek
600586,金晶科技,建筑材料,deepseek
600350,山东高速,交通运输,deepseek
000983,山西焦煤,煤炭,rule
002780,三夫户外,纺织服饰,deepseek
301069,凯盛新材,基础化工,deepseek
600239,ST云城,房地产,deepseek
002436,兴森科技,电子,deepseek
603500,祥和实业,机械设备,deepseek
600026,中远海能,交通运输,deepseek
002992,宝明科技,电子,deepseek
600765,中航重机,国防军工,deepseek
002120,韵达股份,交通运输,deepseek
601901,方正证券,非银金融,rule
601216,君正集团,基础化工,deepseek
600684,珠江股份,房地产,deepseek
603137,恒尚节能,建筑装饰,deepseek
300763,锦浪科技,电力设备,deepseek
301500,飞南资源,环保,deepseek
605066,天正电气,电力设备,rule
688333,铂力特,电子,strategy
600416,湘电股份,电力设备,deepseek
600185,珠免集团,商贸零售,deepseek
603488,展鹏科技,机械设备,deepseek
002218,拓日新能,电力设备,deepseek
300283,温州宏丰,电力设备,deepseek
603324,盛剑科技,环保,deepseek
300366,ST创意,计算机,deepseek
603183,建研院,建筑装饰,deepseek
600095,湘财股份,非银金融,deepseek
600295,鄂尔多斯,钢铁,deepseek
600310,广西能源,公用事业,deepseek
000429,粤高速Ａ,交通运输,deepseek
600888,新疆众和,有色金属,deepseek
601121,宝地矿业,有色金属,rule
002461,珠江啤酒,食品饮料,rule
301017,漱玉平民,医药生物,deepseek
301167,建研设计,建筑装饰,deepseek
002287,奇正藏药,医药生物,deepseek
002471,中超控股,电力设备,deepseek
300158,振东制药,医药生物,rule
002606,大连电瓷,电力设备,deepseek
300730,科创信息,计算机,deepseek
601866,中远海发,交通运输,deepseek
688090,瑞松科技,机械设备,strategy
000933,神火股份,有色金属,deepseek
600436,片仔癀,医药生物,deepseek
600517,国网英大,非银金融,deepseek
300347,泰格医药,医药生物,rule
002674,兴业科技,纺织服饰,deepseek
300617,安靠智电,电力设备,deepseek
002315,焦点科技,商贸零售,deepseek
603518,锦泓集团,纺织服饰,deepseek
603278,大业股份,汽车,deepseek
001267,汇绿生态,社会服务,rule
002753,永东股份,基础化工,deepseek
600392,盛和资源,有色金属,deepseek
301369,联动科技,电子,deepseek
600362,江西铜业,有色金属,rule
301133,金钟股份,汽车,deepseek
688518,联赢激光,电子,rule
000593,德龙汇能,公用事业,deepseek
002158,汉钟精机,机械设备,deepseek
301071,力量钻石,基础化工,deepseek
600758,辽宁能源,煤炭,strategy
301117,佳缘科技,计算机,deepseek
301042,安联锐视,计算机,deepseek
688221,前沿生物,医药生物,rule
603279,景津装备,环保,deepseek
002154,报 喜 鸟,纺织服饰,deepseek
601965,中国汽研,汽车,deepseek
603707,健友股份,医药生物,deepseek
688152,麒麟信安,计算机,deepseek
600163,中闽能源,公用事业,deepseek
002728,特一药业,医药生物,rule
603508,XD思维列,计算机,deepseek
688106,金宏气体,电子,strategy
000568,泸州老窖,食品饮料,strategy
601939,建设银行,银行,rule
688550,瑞联新材,电子,strategy
688103,国力电子,电子,rule
603566,普莱柯,医药生物,deepseek
600032,浙江新能,公用事业,deepseek
603997,继峰股份,汽车,deepseek
603060,国检集团,社会服务,deepseek
603926,铁流股份,汽车,deepseek
600926,杭州银行,银行,rule
601825,沪农商行,银行,deepseek
300657,弘信电子,电子,rule
002117,东港股份,轻工制造,deepseek
002335,科华数据,电力设备,deepseek
002033,丽江股份,社会服务,deepseek
000786,北新建材,建筑材料,rule
603008,ST喜临门,轻工制造,deepseek
000809,和展能源,电力设备,deepseek
603726,朗迪集团,家用电器,deepseek
002833,弘亚数控,机械设备,deepseek
600468,百利电气,电力设备,rule
600955,维远股份,基础化工,deepseek
000517,荣安地产,房地产,rule
002212,天融信,计算机,deepseek
300267,尔康制药,医药生物,rule
600396,华电辽能,公用事业,deepseek
603383,顶点软件,计算机,rule
600011,华能国际,公用事业,deepseek
600657,信达地产,房地产,rule
000088,盐 田 港,交通运输,deepseek
002169,智光电气,电力设备,rule
000014,沙河股份,房地产,strategy
002022,科华生物,医药生物,rule
688388,嘉元科技,电子,strategy
688390,固德威,电子,strategy
600603,广汇物流,交通运输,rule
600000,浦发银行,银行,rule
600271,航天信息,国防军工,rule
001322,箭牌家居,轻工制造,rule
601968,宝钢包装,轻工制造,rule
600704,物产中大,交通运输,deepseek
600269,赣粤高速,交通运输,deepseek
600449,宁夏建材,建筑材料,rule
688585,上纬新材,电子,strategy
300400,劲拓股份,机械设备,deepseek
688037,芯源微,电子,strategy
600809,山西汾酒,食品饮料,strategy
603421,鼎信通讯,通信,deepseek
600475,华光环能,公用事业,deepseek
002882,金龙羽,电力设备,deepseek
000803,山高环能,公用事业,deepseek
601519,大智慧,计算机,rule
603040,新坐标,汽车,deepseek
600515,海南机场,交通运输,rule
300177,中海达,国防军工,deepseek
600826,兰生股份,商贸零售,deepseek
300105,龙源技术,电力设备,deepseek
600158,中体产业,社会服务,deepseek
301235,华康洁净,建筑装饰,deepseek
688065,凯赛生物,医药生物,rule
600399,抚顺特钢,钢铁,rule
600530,交大昂立,医药生物,deepseek
603708,家家悦,商贸零售,deepseek
600071,凤凰光学,电子,rule
002695,煌上煌,食品饮料,deepseek
603077,和邦生物,医药生物,rule
300517,海波重科,建筑装饰,deepseek
688006,杭可科技,电子,strategy
002999,天禾股份,农林牧渔,deepseek
601880,辽港股份,交通运输,deepseek
159920,,计算机,deepseek
688017,绿的谐波,电子,strategy
688505,复旦张江,电子,strategy
300374,中铁装配,建筑材料,deepseek
003015,日久光电,电子,deepseek
301225,恒勃股份,汽车,deepseek
688259,创耀科技,电子,strategy
000926,福星股份,房地产,strategy
002042,华孚时尚,纺织服饰,deepseek
603527,众源新材,有色金属,deepseek
300678,中科信息,计算机,deepseek
600152,维科技术,电力设备,deepseek
300192,科德教育,社会服务,rule
688629,华丰科技,电子,strategy
600212,绿能慧充,电力设备,deepseek
301565,中仑新材,基础化工,deepseek
603586,金麒麟,汽车,deepseek
300842,帝科股份,电力设备,deepseek
601226,华电科工,建筑装饰,deepseek
600620,天宸股份,房地产,deepseek
002895,川恒股份,基础化工,deepseek
600869,远东股份,电力设备,deepseek
301338,凯格精机,机械设备,deepseek
300124,汇川技术,机械设备,deepseek
600742,富维股份,汽车,deepseek
603960,克来机电,机械设备,strategy
600008,首创环保,社会服务,rule
688521,芯原股份,电子,deepseek
688519,南亚新材,电子,strategy
600282,南钢股份,钢铁,deepseek
600285,羚锐制药,医药生物,rule
002595,豪迈科技,机械设备,deepseek
300581,晨曦航空,交通运输,rule
603577,汇金通,电力设备,deepseek
600476,*ST湘邮,计算机,deepseek
603353,和顺石油,石油石化,rule
603026,石大胜华,电力设备,deepseek
300753,爱朋医疗,医药生物,deepseek
600846,同济科技,建筑装饰,deepseek
002248,华东数控,机械设备,strategy
000985,大庆华科,基础化工,deepseek
601319,中国人保,非银金融,deepseek
002897,意华股份,通信,deepseek
605299,舒华体育,社会服务,rule
002156,通富微电,电子,deepseek
688656,浩欧博,医药生物,deepseek
002261,拓维信息,计算机,deepseek
002072,凯瑞德,商贸零售,deepseek
300151,昌红科技,机械设备,deepseek
600894,广日股份,机械设备,deepseek
300695,兆丰股份,汽车,deepseek
300450,先导智能,计算机,rule
688255,凯尔达,机械设备,strategy
002578,闽发铝业,有色金属,rule
603496,恒为科技,计算机,deepseek
000159,国际实业,石油石化,deepseek
688416,恒烁股份,电子,deepseek
000498,山东路桥,建筑装饰,deepseek
001215,千味央厨,食品饮料,deepseek
300982,苏文电能,建筑装饰,deepseek
688161,威高骨科,电子,strategy
601168,西部矿业,有色金属,rule
300369,绿盟科技,计算机,deepseek
001339,智微智能,计算机,rule
002881,美格智能,计算机,rule
603511,爱慕股份,纺织服饰,deepseek
002627,三峡旅游,社会服务,rule
688347,华虹公司,电子,strategy
600500,中化国际,基础化工,deepseek
603888,新华网,传媒,deepseek
000812,陕西金叶,轻工制造,deepseek
002466,天齐锂业,有色金属,rule
601766,中国中车,机械设备,deepseek
301040,中环海陆,电力设备,deepseek
002173,创新医疗,医药生物,deepseek
301408,华人健康,医药生物,deepseek
002402,和而泰,计算机,strategy
002837,英维克,机械设备,deepseek
688085,三友医疗,医药生物,deepseek
603076,乐惠国际,机械设备,deepseek
600118,中国卫星,国防军工,rule
600113,浙江东日,商贸零售,deepseek
000550,江铃汽车,汽车,rule
300516,久之洋,国防军工,deepseek
000089,深圳机场,交通运输,rule
300696,爱乐达,国防军工,deepseek
002697,红旗连锁,商贸零售,deepseek
002397,梦洁股份,纺织服饰,deepseek
603986,兆易创新,电子,deepseek
300627,华测导航,通信,deepseek
688506,百利天恒,医药生物,deepseek
300452,山河药辅,医药生物,deepseek
300166,东方国信,计算机,deepseek
688063,派能科技,电子,strategy
600733,北汽蓝谷,汽车,deepseek
301390,经纬股份,电力设备,deepseek
002093,国脉科技,通信,deepseek
603163,圣晖集成,建筑装饰,deepseek
601963,重庆银行,银行,rule
600648,外高桥,房地产,deepseek
600137,浪莎股份,纺织服饰,deepseek
000761,本钢板材,钢铁,deepseek
002470,金正大,基础化工,deepseek
002313,日海智能,计算机,rule
300511,雪榕生物,医药生物,rule
600792,云煤能源,煤炭,deepseek
601169,北京银行,银行,rule
603882,金域医学,医药生物,deepseek
000415,渤海租赁,非银金融,deepseek
300570,太辰光,通信,deepseek
601606,长城军工,国防军工,rule
000565,渝三峡Ａ,基础化工,deepseek
603855,华荣股份,机械设备,deepseek
601020,华钰矿业,有色金属,rule
605305,中际联合,机械设备,deepseek
301131,聚赛龙,基础化工,deepseek
300682,朗新科技,计算机,deepseek
000825,太钢不锈,钢铁,deepseek
688009,中国通号,电子,strategy
600970,中材国际,建筑装饰,deepseek
688676,金盘科技,电子,strategy
600523,贵航股份,汽车,deepseek
603011,合锻智能,计算机,rule
002634,*ST棒杰,纺织服饰,deepseek
600802,福建水泥,建筑材料,rule
600258,首旅酒店,社会服务,rule
600755,厦门国贸,商贸零售,deepseek
001206,依依股份,轻工制造,deepseek
601599,浙文影业,传媒,deepseek
002144,宏达高科,纺织服饰,deepseek
300917,特发服务,房地产,deepseek
600227,赤天化,基础化工,deepseek
300334,津膜科技,环保,deepseek
002831,裕同科技,轻工制造,deepseek
002296,辉煌科技,计算机,deepseek
601860,紫金银行,银行,rule
600160,巨化股份,基础化工,deepseek
601318,中国平安,非银金融,deepseek
002109,ST兴化,基础化工,deepseek
300612,宣亚国际,传媒,deepseek
600884,杉杉股份,电力设备,deepseek
603086,先达股份,基础化工,deepseek
601187,厦门银行,银行,rule
600283,钱江水利,公用事业,deepseek
603087,甘李药业,医药生物,rule
000683,博源化工,基础化工,rule
300766,每日互动,计算机,deepseek
603801,志邦家居,轻工制造,rule
600016,民生银行,银行,rule
600229,城市传媒,传媒,rule
002330,得利斯,食品饮料,deepseek
301096,百诚医药,医药生物,rule
002102,ST能特,基础化工,deepseek
600675,中华企业,房地产,deepseek
300670,大烨智能,计算机,rule
002601,龙佰集团,基础化工,deepseek
002555,三七互娱,传媒,strategy
002632,道明光学,电子,rule
300479,神思电子,电子,rule
601236,红塔证券,非银金融,rule
603788,宁波高发,汽车,deepseek
003003,天元股份,轻工制造,deepseek
301526,国际复材,建筑材料,deepseek
002155,湖南黄金,有色金属,rule
000721,西安饮食,社会服务,strategy
301083,百胜智能,计算机,rule
000949,新乡化纤,纺织服饰,rule
603569,长久物流,交通运输,rule
002270,华明装备,电力设备,deepseek
300207,欣旺达,电力设备,deepseek
300363,博腾股份,医药生物,deepseek
600422,昆药集团,医药生物,deepseek
001223,欧克科技,机械设备,deepseek
000639,ST西王,农林牧渔,deepseek
002207,*ST准油,石油石化,deepseek
300435,中泰股份,机械设备,deepseek
600748,上实发展,房地产,deepseek
002719,ST麦趣,食品饮料,deepseek
002342,巨力索具,机械设备,deepseek
600318,新力金融,非银金融,deepseek
600959,江苏有线,传媒,deepseek
601208,东材科技,基础化工,deepseek
600250,南京商旅,商贸零售,deepseek
600325,华发股份,房地产,deepseek
688069,德林海,环保,deepseek
603290,斯达半导,电子,deepseek
002716,湖南白银,有色金属,rule
603014,威高血净,医药生物,deepseek
002722,物产金轮,机械设备,deepseek
600480,凌云股份,汽车,deepseek
600660,福耀玻璃,建筑材料,rule
603600,永艺股份,轻工制造,deepseek
603318,水发燃气,公用事业,deepseek
000410,沈阳机床,机械设备,rule
002677,浙江美大,家用电器,deepseek
002492,恒基达鑫,交通运输,deepseek
600863,华能蒙电,公用事业,deepseek
603529,爱玛科技,汽车,deepseek
002146,荣盛发展,房地产,deepseek
600406,国电南瑞,电力设备,deepseek
688526,科前生物,医药生物,rule
603280,南方路机,机械设备,deepseek
601888,中国中免,社会服务,strategy
603588,高能环境,社会服务,rule
688120,华海清科,电子,strategy
002943,宇晶股份,机械设备,deepseek
300705,九典制药,医药生物,rule
000652,泰达股份,公用事业,deepseek
688228,开普云,电子,strategy
002088,鲁阳节能,建筑材料,deepseek
300433,蓝思科技,电子,deepseek
600023,浙能电力,公用事业,rule
600706,曲江文旅,社会服务,deepseek
002984,森麒麟,汽车,deepseek
600488,津药药业,医药生物,rule
301238,瑞泰新材,电力设备,deepseek
601006,大秦铁路,交通运输,rule
300639,凯普生物,医药生物,rule
603101,汇嘉时代,商贸零售,deepseek
600499,科达制造,机械设备,deepseek
603657,春光科技,家用电器,deepseek
603816,顾家家居,轻工制造,rule
603348,文灿股份,汽车,deepseek
000838,*ST发展,房地产,strategy
688019,安集科技,电子,strategy
601139,深圳燃气,公用事业,deepseek
600012,皖通高速,交通运输,deepseek
603968,醋化股份,食品饮料,rule
002654,万润科技,电子,deepseek
603315,福鞍股份,机械设备,deepseek
002431,ST棕榈,建筑装饰,deepseek
600528,中铁工业,机械设备,deepseek
688777,中控技术,电子,strategy
159530,,计算机,deepseek
300397,天和防务,国防军工,deepseek
002532,天山铝业,有色金属,rule
600770,综艺股份,综合,deepseek
600094,大名城,房地产,deepseek
300383,光环新网,计算机,deepseek
600121,郑州煤电,煤炭,strategy
300315,掌趣科技,传媒,strategy
300721,怡达股份,基础化工,deepseek
600507,方大特钢,钢铁,rule
002326,永太科技,基础化工,deepseek
002809,红墙股份,基础化工,deepseek
000422,湖北宜化,基础化工,deepseek
603203,快克智能,计算机,rule
601568,北元化工,基础化工,rule
605100,华丰股份,汽车,deepseek
000519,中兵红箭,国防军工,deepseek
603429,*ST集友,轻工制造,deepseek
603051,鹿山新材,基础化工,deepseek
000404,长虹华意,家用电器,deepseek
002818,富森美,商贸零售,deepseek
600628,新世界,商贸零售,deepseek
300284,苏交科,建筑装饰,deepseek
300352,ST信源,计算机,deepseek
002920,德赛西威,汽车,deepseek
688776,国光电气,电力设备,rule
605006,山东玻纤,建筑材料,deepseek
002903,宇环数控,机械设备,deepseek
600382,广东明珠,机械设备,deepseek
002763,汇洁股份,纺织服饰,deepseek
002748,世龙实业,基础化工,deepseek
300072,海新能科,环保,deepseek
300102,乾照光电,电子,deepseek
000856,冀东装备,机械设备,deepseek
603810,丰山集团,基础化工,deepseek
601616,广电电气,传媒,rule
002869,金溢科技,电子,deepseek
600619,海立股份,家用电器,deepseek
600965,*ST福成,农林牧渔,deepseek
688234,天岳先进,电子,deepseek
600509,天富能源,公用事业,deepseek
600576,祥源文旅,社会服务,deepseek
301326,捷邦科技,电子,deepseek
603200,上海洗霸,环保,deepseek
601600,中国铝业,有色金属,rule
603860,中公高科,建筑装饰,deepseek
603987,康德莱,医药生物,deepseek
300344,,计算机,deepseek
002653,海思科,医药生物,deepseek
002940,昂利康,医药生物,deepseek
600502,安徽建工,建筑装饰,deepseek
603399,永杉锂业,有色金属,rule
300142,沃森生物,医药生物,rule
600678,ST金顶,建筑材料,deepseek
688661,和林微纳,电子,strategy
300552,万集科技,计算机,deepseek
603585,苏利股份,基础化工,deepseek
000898,鞍钢股份,钢铁,deepseek
001359,平安电工,电力设备,deepseek
002565,顺灏股份,轻工制造,deepseek
000889,中嘉博创,通信,deepseek
159981,,有色金属,deepseek
000788,北大医药,医药生物,rule
600076,康欣新材,轻工制造,deepseek
001210,金房能源,公用事业,deepseek
003006,百亚股份,美容护理,deepseek
688187,时代电气,电力设备,rule
600778,友好集团,商贸零售,deepseek
300317,珈伟新能,电力设备,deepseek
603506,南都物业,房地产,rule
300569,天能重工,电力设备,deepseek
300140,节能环境,社会服务,rule
300255,常山药业,医药生物,rule
600305,恒顺醋业,食品饮料,rule
002030,达安基因,医药生物,rule
300378,鼎捷数智,计算机,deepseek
300806,斯迪克,基础化工,deepseek
300015,爱尔眼科,美容护理,rule
601200,上海环境,社会服务,rule
605389,长龄液压,机械设备,rule
688093,世华科技,电子,strategy
600058,XD五矿发,有色金属,deepseek
601369,陕鼓动力,机械设备,deepseek
300699,光威复材,国防军工,strategy
600819,耀皮玻璃,建筑材料,rule
688590,新致软件,计算机,rule
603766,隆鑫通用,汽车,deepseek
603288,海天味业,食品饮料,deepseek
600854,春兰股份,家用电器,deepseek
600110,诺德股份,电力设备,deepseek
300091,*ST金灵,电力设备,deepseek
688428,诺诚健华,电子,strategy
002788,鹭燕医药,医药生物,rule
603259,药明康德,医药生物,deepseek
603009,北特科技,汽车,deepseek
301396,宏景科技,计算机,deepseek
600461,洪城环境,社会服务,rule
605166,聚合顺,基础化工,deepseek
002533,金杯电工,电力设备,deepseek
688116,天奈科技,电子,strategy
000739,普洛药业,医药生物,rule
512400,,有色金属,deepseek
301005,超捷股份,汽车,deepseek
002864,盘龙药业,医药生物,rule
002149,西部材料,有色金属,deepseek
600618,氯碱化工,基础化工,rule
600864,哈投股份,非银金融,deepseek
600408,安泰集团,煤炭,deepseek
300339,润和软件,计算机,rule
600215,派斯林,机械设备,strategy
600490,鹏欣资源,有色金属,deepseek
300493,润欣科技,电子,deepseek
001202,炬申股份,交通运输,deepseek
002008,大族激光,电子,rule
603130,云中马,纺织服饰,deepseek
000564,供销大集,商贸零售,rule
603558,健盛集团,纺织服饰,deepseek
600168,武汉控股,公用事业,deepseek
000688,国城矿业,有色金属,rule
600843,上工申贝,机械设备,deepseek
603329,上海雅仕,交通运输,deepseek
688075,安旭生物,医药生物,rule
600743,华远控股,房地产,deepseek
003023,彩虹集团,家用电器,deepseek
300640,德艺文创,轻工制造,deepseek
600783,鲁信创投,计算机,rule
300690,双一科技,电力设备,deepseek
002792,通宇通讯,通信,deepseek
603908,牧高笛,纺织服饰,deepseek
603105,芯能科技,电力设备,deepseek
002839,张家港行,银行,deepseek
603950,长源东谷,汽车,deepseek
002759,天际股份,电力设备,deepseek
300236,上海新阳,电子,strategy
688169,石头科技,电子,strategy
688522,纳睿雷达,国防军工,rule
002890,弘宇股份,机械设备,deepseek
001213,中铁特货,交通运输,deepseek
600692,亚通股份,房地产,deepseek
002883,*ST中设,建筑装饰,deepseek
002608,江苏国信,公用事业,deepseek
300322,硕贝德,电子,deepseek
600823,,房地产,deepseek
601665,齐鲁银行,银行,rule
600156,华升股份,纺织服饰,deepseek
601211,国泰海通,非银金融,deepseek
300666,江丰电子,电子,rule
300852,四会富仕,电子,deepseek
600916,中国黄金,有色金属,rule
002380,科远智慧,计算机,rule
301517,陕西华达,国防军工,deepseek
603115,海星股份,电子,deepseek
002327,富安娜,纺织服饰,deepseek
603210,泰鸿万立,汽车,deepseek
300628,亿联网络,通信,deepseek
003027,同兴科技,环保,deepseek
600248,陕建股份,建筑装饰,deepseek
600368,五洲交通,交通运输,rule
600151,航天机电,国防军工,rule
300429,强力新材,基础化工,deepseek
688036,传音控股,电子,deepseek
688386,泛亚微透,电子,strategy
000779,甘咨询,建筑装饰,deepseek
002237,恒邦股份,有色金属,deepseek
600098,广州发展,公用事业,deepseek
301260,格力博,机械设备,deepseek
300298,三诺生物,医药生物,rule
300327,中颖电子,电子,rule
300164,通源石油,石油石化,rule
688247,宣泰医药,医药生物,rule
000863,三湘印象,房地产,deepseek
300927,江天化学,基础化工,rule
600875,东方电气,电力设备,rule
601727,上海电气,电力设备,rule
300414,中光防雷,电子,deepseek
518880,,有色金属,deepseek
301376,致欧科技,轻工制造,deepseek
000902,新洋丰,化工,strategy
300432,富临精工,汽车,deepseek
300024,机器人,机械设备,deepseek
601996,丰林集团,建筑材料,deepseek
300947,德必集团,房地产,strategy
603322,超讯通信,通信,rule
688238,和元生物,医药生物,rule
300887,谱尼测试,社会服务,deepseek
300485,赛升药业,医药生物,rule
688110,东芯股份,电子,strategy
001316,润贝航科,商贸零售,deepseek
600693,东百集团,商贸零售,deepseek
600177,雅戈尔,纺织服饰,deepseek
002429,兆驰股份,家用电器,deepseek
601101,昊华能源,煤炭,strategy
688213,XD思特威,电子,strategy
002317,众生药业,医药生物,rule
600883,博闻科技,建筑材料,deepseek
688131,皓元医药,医药生物,rule
510050,,非银金融,deepseek
688248,南网科技,电子,strategy
600546,山煤国际,煤炭,strategy
002995,天地在线,传媒,deepseek
600803,新奥股份,公用事业,deepseek
002367,康力电梯,机械设备,deepseek
600133,东湖高新,建筑装饰,deepseek
601126,四方股份,电力设备,deepseek
688190,云路股份,电子,strategy
600128,苏豪弘业,商贸零售,deepseek
002062,宏润建设,建筑装饰,deepseek
601619,嘉泽新能,公用事业,deepseek
600017,日照港,交通运输,deepseek
601116,三江购物,商贸零售,rule
603061,金海通,电子,deepseek
601828,美凯龙,商贸零售,deepseek
603135,中重科技,机械设备,deepseek
300888,稳健医疗,医药生物,strategy
301004,嘉益股份,轻工制造,deepseek
603161,科华控股,汽车,deepseek
003011,海象新材,轻工制造,deepseek
002517,恺英网络,传媒,deepseek
002048,宁波华翔,汽车,deepseek
600131,国网信通,计算机,strategy
600651,飞乐音响,电子,deepseek
300770,新媒股份,传媒,deepseek
600505,西昌电力,公用事业,rule
301113,雅艺科技,轻工制造,deepseek
000800,一汽解放,汽车,deepseek
603613,国联股份,计算机,strategy
600300,维维股份,食品饮料,deepseek
600157,永泰能源,公用事业,deepseek
002226,江南化工,基础化工,rule
002582,好想你,食品饮料,deepseek
688235,百济神州,电子,strategy
603065,宿迁联盛,基础化工,deepseek
301112,信邦智能,计算机,rule
002563,森马服饰,纺织服饰,rule
601881,中国银河,非银金融,deepseek
002014,永新股份,轻工制造,deepseek
301121,紫建电子,电子,rule
603536,惠发食品,食品饮料,rule
002591,恒大高新,基础化工,deepseek
600501,航天晨光,国防军工,rule
510900,,计算机,deepseek
000090,天健集团,房地产,deepseek
300902,国安达,机械设备,deepseek
601933,永辉超市,商贸零售,rule
302132,中航成飞,国防军工,deepseek
603258,电魂网络,传媒,strategy
688012,中微公司,电子,deepseek
688198,佰仁医疗,电子,strategy
002086,东方海洋,农林牧渔,deepseek
600702,舍得酒业,食品饮料,strategy
300717,华信新材,基础化工,deepseek
000021,深科技,电子,deepseek
601225,陕西煤业,煤炭,rule
300616,尚品宅配,轻工制造,deepseek
002115,三维通信,通信,rule
001211,双枪科技,轻工制造,deepseek
002312,川发龙蟒,化工,strategy
002285,世联行,房地产,deepseek
001389,广合科技,电子,deepseek
560090,,银行,deepseek
600690,海尔智家,家用电器,deepseek
300769,德方纳米,电力设备,deepseek
600021,上海电力,公用事业,rule
002027,分众传媒,传媒,rule
301062,上海艾录,轻工制造,deepseek
603477,巨星农牧,农林牧渔,deepseek
688368,晶丰明源,电子,strategy
600109,国金证券,非银金融,rule
603602,纵横通信,通信,rule
000596,古井贡酒,食品饮料,strategy
300949,奥雅股份,建筑装饰,deepseek
000619,海螺新材,建筑材料,deepseek
600386,北巴传媒,传媒,rule
601949,中国出版,传媒,rule
300351,永贵电器,机械设备,deepseek
301305,朗坤科技,环保,deepseek
300003,乐普医疗,医药生物,strategy
603889,新澳股份,纺织服饰,deepseek
603565,中谷物流,交通运输,rule
300203,聚光科技,环保,deepseek
300017,网宿科技,计算机,deepseek
600222,太龙药业,医药生物,rule
301550,斯菱智驱,汽车,deepseek
300144,宋城演艺,社会服务,strategy
000876,新 希 望,农林牧渔,deepseek
600527,江南高纤,基础化工,deepseek
600838,上海九百,房地产,strategy
603099,长白山,社会服务,strategy
002850,科达利,电力设备,deepseek
002119,康强电子,电子,rule
600007,中国国贸,房地产,deepseek
003037,三和管桩,建筑材料,deepseek
600900,长江电力,公用事业,rule
600601,方正科技,电子,deepseek
688266,泽璟制药,医药生物,rule
000538,云南白药,医药生物,deepseek
600326,西藏天路,建筑材料,deepseek
600616,金枫酒业,食品饮料,deepseek
000735,罗 牛 山,农林牧渔,strategy
002419,天虹股份,商贸零售,deepseek
688396,华润微,电子,deepseek
300068,ST南都,电力设备,deepseek
002129,TCL中环,电力设备,deepseek
688486,龙迅股份,电子,deepseek
603018,华设集团,建筑装饰,deepseek
601100,恒立液压,机械设备,rule
688160,步科股份,电子,strategy
002365,永安药业,医药生物,rule
601611,中国核建,建筑装饰,deepseek
000895,双汇发展,食品饮料,deepseek
301163,宏德股份,电力设备,deepseek
000523,红棉股份,基础化工,deepseek
300625,三雄极光,家用电器,deepseek
300568,星源材质,化工,strategy
003017,大洋生物,医药生物,rule
300440,运达科技,计算机,deepseek
002938,鹏鼎控股,电子,deepseek
600547,山东黄金,有色金属,rule
600483,福能股份,公用事业,deepseek
688529,豪森智能,计算机,rule
603982,泉峰汽车,汽车,rule
688369,致远互联,电子,strategy
600280,中央商场,商贸零售,deepseek
300047,天源迪科,计算机,deepseek
688095,福昕软件,计算机,rule
002923,润都股份,医药生物,deepseek
300838,浙江力诺,机械设备,deepseek
600606,绿地控股,房地产,deepseek
600699,均胜电子,电子,rule
001238,浙江正特,轻工制造,deepseek
002394,联发股份,纺织服饰,deepseek
600880,博瑞传播,传媒,strategy
000007,全新好,房地产,deepseek
688083,中望软件,计算机,rule
688192,迪哲医药,医药生物,rule
200028,,医药生物,deepseek
688766,普冉股份,电子,strategy
001255,博菲电气,电力设备,rule
159632,,电力设备,deepseek
003010,若羽臣,商贸零售,deepseek
002025,航天电器,国防军工,rule
002264,新 华 都,商贸零售,deepseek
159611,,电力设备,deepseek
300910,瑞丰新材,化工,strategy
603787,新日股份,汽车,deepseek
603225,新凤鸣,基础化工,deepseek
600611,大众交通,交通运输,rule
600150,中国船舶,国防军工,deepseek
000777,中核科技,机械设备,deepseek
300801,泰和科技,基础化工,deepseek
688349,三一重能,电力设备,deepseek
588080,,电子,deepseek
600956,新天绿能,公用事业,deepseek
688503,聚和材料,电子,strategy
600722,金牛化工,基础化工,rule
513300,,电子,deepseek
002843,泰嘉股份,机械设备,deepseek
600730,*ST高科,计算机,deepseek
300007,汉威科技,机械设备,deepseek
688798,艾为电子,电子,rule
603189,*ST网达,计算机,deepseek
603598,引力传媒,传媒,rule
600764,中国海防,国防军工,deepseek
300482,万孚生物,医药生物,rule
002083,孚日股份,纺织服饰,deepseek
600367,红星发展,基础化工,deepseek
002179,中航光电,国防军工,deepseek
600566,济川药业,医药生物,rule
002272,川润股份,电力设备,deepseek
002495,佳隆股份,食品饮料,deepseek
688322,奥比中光,电子,strategy
300494,盛天网络,传媒,strategy
603859,能科科技,计算机,deepseek
002731,ST萃华,纺织服饰,deepseek
000062,深圳华强,电子,deepseek
301037,保立佳,基础化工,deepseek
603080,新疆火炬,公用事业,deepseek
002064,华峰化学,基础化工,rule
600456,宝钛股份,有色金属,deepseek
002322,理工能科,电力设备,deepseek
300877,金春股份,纺织服饰,deepseek
688409,富创精密,电子,strategy
600352,浙江龙盛,基础化工,deepseek
603363,傲农生物,医药生物,rule
300683,海特生物,医药生物,rule
600062,华润双鹤,医药生物,deepseek
688668,鼎通科技,电子,strategy
603822,ST嘉澳,基础化工,deepseek
601155,新城控股,房地产,deepseek
002167,东方锆业,有色金属,deepseek
603897,长城科技,电力设备,deepseek
002080,中材科技,电力设备,deepseek
600633,浙数文化,传媒,deepseek
688403,汇成股份,电子,strategy
301109,军信股份,环保,deepseek
301600,慧翰股份,汽车,deepseek
300636,同和药业,医药生物,rule
600153,建发股份,交通运输,deepseek
301362,民爆光电,电力设备,deepseek
300994,久祺股份,汽车,deepseek
601360,三六零,计算机,deepseek
002405,四维图新,计算机,strategy
002655,共达电声,电子,deepseek
300122,智飞生物,医药生物,rule
601228,广州港,交通运输,deepseek
688068,热景生物,医药生物,rule
002188,中天服务,房地产,deepseek
600491,ST龙元,建筑装饰,deepseek
002549,凯美特气,基础化工,deepseek
200541,,家用电器,deepseek
688039,当虹科技,电子,strategy
600518,康美药业,医药生物,rule
301024,霍普股份,建筑装饰,deepseek
688768,容知日新,机械设备,deepseek
601811,新华文轩,传媒,deepseek
300881,盛德鑫泰,钢铁,deepseek
600138,中青旅,社会服务,deepseek
600345,长江通信,通信,rule
000554,泰山石油,石油石化,rule
600149,廊坊发展,公用事业,deepseek
002021,中捷资源,机械设备,deepseek
688523,航天环宇,国防军工,rule
003008,开普检测,社会服务,rule
688158,优刻得,电子,strategy
002559,亚威股份,机械设备,deepseek
300814,中富电路,电子,deepseek
300803,指南针,计算机,deepseek
600734,*ST实达,计算机,deepseek
601398,工商银行,银行,rule
300955,嘉亨家化,美容护理,deepseek
000573,粤宏远Ａ,房地产,deepseek
600725,云维股份,煤炭,deepseek
300026,红日药业,医药生物,rule
600529,山东药玻,医药生物,deepseek
300558,贝达药业,医药生物,rule
300779,惠城环保,社会服务,rule
688003,天准科技,电子,strategy
002749,国光股份,基础化工,deepseek
300502,新易盛,通信,deepseek
600187,*ST国中,公用事业,deepseek
600759,ST洲际,石油石化,deepseek
603629,利通电子,电子,rule
002134,天津普林,电子,deepseek
300053,航宇微,国防军工,deepseek
603616,韩建河山,建筑材料,deepseek
688201,ST信安,电子,strategy
002609,捷顺科技,计算机,deepseek
000733,振华科技,电子,deepseek
600711,盛屯矿业,有色金属,rule
002612,朗姿股份,纺织服饰,deepseek
300757,罗博特科,机械设备,deepseek
000533,顺钠股份,电力设备,deepseek
002488,金固股份,汽车,deepseek
600097,开创国际,农林牧渔,deepseek
600161,天坛生物,医药生物,rule
300281,金明精机,机械设备,deepseek
300751,迈为股份,电力设备,deepseek
600737,中粮糖业,农林牧渔,deepseek
300226,上海钢联,商贸零售,deepseek
688148,芳源股份,电子,strategy
300755,华致酒行,商贸零售,deepseek
601128,常熟银行,银行,rule
688508,芯朋微,电子,strategy
603912,佳力图,机械设备,deepseek
601858,中国科传,传媒,deepseek
605138,盛泰集团,纺织服饰,deepseek
301413,安培龙,机械设备,deepseek
600195,中牧股份,农林牧渔,deepseek
688050,爱博医疗,电子,strategy
603041,美思德,基础化工,deepseek
603223,恒通股份,交通运输,deepseek
603733,仙鹤股份,轻工制造,deepseek
603590,康辰药业,医药生物,rule
688362,甬矽电子,电子,rule
002358,森源电气,电力设备,rule
513180,,计算机,deepseek
601966,玲珑轮胎,汽车,rule
600170,上海建工,建筑装饰,deepseek
002418,康盛股份,汽车,deepseek
601000,唐山港,交通运输,deepseek
601330,绿色动力,环保,deepseek
600763,通策医疗,医药生物,deepseek
603023,威帝股份,汽车,deepseek
300303,聚飞光电,电子,deepseek
002977,*ST天箭,国防军工,deepseek
301611,珂玛科技,机械设备,deepseek
688268,华特气体,电子,strategy
688089,嘉必优,电子,strategy
600595,中孚实业,有色金属,deepseek
603108,润达医疗,医药生物,deepseek
605289,DR罗曼股,电子,deepseek
600030,中信证券,非银金融,rule
601098,中南传媒,传媒,rule
601869,长飞光纤,通信,rule
688606,奥泰生物,医药生物,rule
002123,梦网科技,通信,deepseek
600650,锦江在线,交通运输,deepseek
000509,华塑控股,综合,deepseek
603313,梦百合,轻工制造,deepseek
600749,西藏旅游,社会服务,rule
000703,恒逸石化,石油石化,rule
600067,冠城新材,房地产,deepseek
600055,万东医疗,医药生物,deepseek
300821,东岳硅材,基础化工,deepseek
300999,金龙鱼,农林牧渔,deepseek
300595,欧普康视,医药生物,deepseek
002768,国恩股份,基础化工,deepseek
300883,龙利得,轻工制造,deepseek
600353,旭光电子,电子,rule
002564,天沃科技,电力设备,deepseek
002190,成飞集成,国防军工,deepseek
000166,申万宏源,非银金融,deepseek
688166,博瑞医药,医药生物,rule
600539,狮头股份,建筑材料,deepseek
600997,XD开滦股,煤炭,deepseek
601328,交通银行,银行,rule
601717,中创智领,机械设备,deepseek
001896,豫能控股,公用事业,deepseek
002545,东方铁塔,建筑装饰,deepseek
600797,浙大网新,计算机,deepseek
300970,华绿生物,医药生物,rule
688399,硕世生物,医药生物,rule
600167,联美控股,公用事业,deepseek
600658,电子城,房地产,deepseek
688122,西部超导,电子,strategy
603127,昭衍新药,医药生物,strategy
605287,德才股份,建筑装饰,deepseek
603379,三美股份,基础化工,deepseek
688502,茂莱光学,电子,rule
603568,伟明环保,社会服务,rule
600850,电科数字,计算机,deepseek
603219,富佳股份,家用电器,deepseek
600738,丽尚国潮,商贸零售,deepseek
300587,天铁科技,基础化工,deepseek
300045,华力创通,国防军工,deepseek
600987,航民股份,纺织服饰,deepseek
600551,时代出版,传媒,rule
000428,华天酒店,社会服务,rule
600327,大东方,商贸零售,deepseek
600343,航天动力,国防军工,rule
301123,奕东电子,电子,rule
000980,众泰汽车,汽车,rule
002384,东山精密,电子,deepseek
002639,雪人集团,机械设备,deepseek
002969,嘉美包装,轻工制造,rule
300966,共同药业,医药生物,rule
603214,XD爱婴室,商贸零售,deepseek
001218,丽臣实业,基础化工,deepseek
600099,林海股份,汽车,deepseek
603221,爱丽家居,轻工制造,rule
002966,苏州银行,银行,rule
300409,道氏技术,基础化工,deepseek
301095,广立微,电子,strategy
688533,上声电子,电子,rule
600750,华润江中,医药生物,deepseek
001338,永顺泰,食品饮料,strategy
600561,江西长运,交通运输,deepseek
002077,大港股份,电子,deepseek
600522,中天科技,通信,deepseek
600985,淮北矿业,有色金属,rule
688317,之江生物,医药生物,rule
301008,宏昌科技,家用电器,deepseek
601857,中国石油,石油石化,rule
603519,立霸股份,家用电器,deepseek
002040,南 京 港,交通运输,deepseek
002136,安 纳 达,基础化工,deepseek
601512,中新集团,房地产,deepseek
688332,中科蓝讯,电子,strategy
603858,步长制药,医药生物,rule
600848,上海临港,房地产,deepseek
688182,灿勤科技,电子,strategy
600075,新疆天业,基础化工,deepseek
603218,日月股份,电力设备,deepseek
002803,吉宏股份,商贸零售,deepseek
002602,世纪华通,传媒,deepseek
603985,恒润股份,电力设备,deepseek
688382,益方生物,医药生物,rule
600010,包钢股份,钢铁,deepseek
300461,田中精机,机械设备,deepseek
600785,新华百货,商贸零售,rule
300667,必创科技,机械设备,deepseek
512010,,医药生物,deepseek
688071,华依科技,电子,strategy
603779,威龙股份,食品饮料,deepseek
600521,华海药业,医药生物,rule
600665,天地源,房地产,deepseek
688232,新点软件,计算机,rule
600268,国电南自,电力设备,deepseek
002493,荣盛石化,石油石化,rule
688702,盛科通信,通信,rule
603165,荣晟环保,社会服务,rule
603063,禾望电气,电力设备,rule
301389,隆扬电子,电子,rule
200025,,汽车,deepseek
300121,阳谷华泰,基础化工,deepseek
603025,大豪科技,机械设备,deepseek
000975,山金国际,有色金属,deepseek
600469,风神股份,汽车,deepseek
002398,垒知集团,建筑材料,deepseek
301209,联合化学,基础化工,rule
300173,ST福能,汽车,deepseek
605028,世茂能源,公用事业,deepseek
002304,洋河股份,食品饮料,strategy
600621,华鑫股份,非银金融,deepseek
301269,华大九天,计算机,deepseek
000999,华润三九,医药生物,deepseek
600685,中船防务,国防军工,deepseek
600226,亨通股份,基础化工,deepseek
300008,天海防务,国防军工,deepseek
300598,诚迈科技,计算机,deepseek
301312,智立方,机械设备,deepseek
000537,绿发电力,公用事业,rule
600839,四川长虹,家用电器,deepseek
301086,鸿富瀚,电子,deepseek
300957,贝泰妮,美容护理,deepseek
600831,广电网络,传媒,rule
603369,今世缘,食品饮料,strategy
688008,澜起科技,电子,deepseek
002427,尤夫股份,基础化工,deepseek
603382,海阳科技,基础化工,deepseek
300172,中电环保,社会服务,rule
600885,宏发股份,电力设备,deepseek
002824,和胜股份,有色金属,deepseek
603867,新化股份,基础化工,deepseek
159941,,电子,deepseek
688196,卓越新能,电子,strategy
600604,市北高新,房地产,deepseek
688556,高测股份,电子,strategy
600236,桂冠电力,公用事业,rule
600663,陆家嘴,房地产,deepseek
600511,国药股份,医药生物,deepseek
603028,赛福天,机械设备,deepseek
002789,*ST建艺,建筑装饰,deepseek
600361,创新新材,有色金属,deepseek
600816,建元信托,非银金融,rule
300346,南大光电,电子,deepseek
600584,长电科技,电子,deepseek
000995,皇台酒业,食品饮料,strategy
601339,百隆东方,纺织服饰,deepseek
000950,重药控股,医药生物,deepseek
601838,成都银行,银行,rule
603042,华脉科技,通信,deepseek
603277,银都股份,机械设备,deepseek
002521,齐峰新材,轻工制造,deepseek
000877,天山股份,建筑材料,deepseek
600512,腾达建设,建筑装饰,deepseek
603516,淳中科技,计算机,deepseek
002174,游族网络,传媒,strategy
301590,优优绿能,电力设备,deepseek
300421,力星股份,机械设备,deepseek
002437,誉衡药业,医药生物,rule
600200,,医药生物,deepseek
301348,蓝箭电子,电子,rule
603387,基蛋生物,医药生物,rule
603538,美诺华,医药生物,deepseek
603949,XD雪龙集,汽车,deepseek
603172,万丰股份,基础化工,deepseek
603375,盛景微,电子,deepseek
002400,省广集团,传媒,deepseek
600302,ST标准,机械设备,deepseek
601366,利群股份,商贸零售,deepseek
600180,*ST瑞茂,交通运输,deepseek
600006,东风股份,汽车,deepseek
600237,铜峰电子,电子,rule
688599,天合光能,电力设备,deepseek
600506,统一股份,基础化工,deepseek
688177,百奥泰,电子,strategy
600015,华夏银行,银行,rule
603088,宁波精达,机械设备,deepseek
001336,楚环科技,环保,deepseek
002605,姚记科技,传媒,strategy
688018,乐鑫科技,电子,strategy
300311,ST任子行,计算机,deepseek
300079,数码视讯,计算机,deepseek
600366,宁波韵升,有色金属,deepseek
688153,唯捷创芯,电子,strategy
300465,高伟达,计算机,deepseek
688141,杰华特,电子,strategy
300139,晓程科技,有色金属,deepseek
301233,盛帮股份,汽车,deepseek
600754,XD锦江酒,社会服务,deepseek
603583,捷昌驱动,电力设备,deepseek
688051,佳华科技,电子,strategy
605499,东鹏饮料,食品饮料,rule
300274,阳光电源,电力设备,deepseek
600266,城建发展,房地产,deepseek
688628,优利德,电子,strategy
600159,大龙地产,房地产,rule
600235,民丰特纸,轻工制造,deepseek
600691,潞化科技,基础化工,deepseek
688595,芯海科技,电子,strategy
688361,中科飞测,电子,strategy
600927,永安期货,非银金融,rule
603337,杰克科技,机械设备,deepseek
000729,燕京啤酒,食品饮料,rule
002746,仙坛股份,农林牧渔,strategy
600420,国药现代,医药生物,deepseek
605033,美邦股份,基础化工,deepseek
688127,蓝特光学,电子,rule
002421,达实智能,计算机,rule
688206,概伦电子,电子,rule
600211,西藏药业,医药生物,rule
515450,,汽车,deepseek
688318,财富趋势,电子,strategy
002552,宝鼎科技,电子,deepseek
300671,富满微,电子,deepseek
600866,星湖科技,食品饮料,deepseek
002626,金达威,食品饮料,deepseek
600426,华鲁恒升,基础化工,deepseek
688102,斯瑞新材,电子,strategy
000633,合金投资,有色金属,deepseek
688186,广大特材,电子,strategy
200550,,汽车,deepseek
600629,华建集团,建筑装饰,deepseek
000718,苏宁环球,房地产,deepseek
600557,康缘药业,医药生物,rule
688084,晶品特装,机械设备,strategy
688178,万德斯,环保,deepseek
688800,瑞可达,电子,strategy
603881,数据港,计算机,strategy
600100,同方股份,计算机,deepseek
002130,沃尔核材,电力设备,deepseek
300498,温氏股份,农林牧渔,deepseek
002298,中电鑫龙,计算机,deepseek
300708,聚灿光电,电子,deepseek
603686,福龙马,环保,deepseek
000651,格力电器,家用电器,deepseek
600674,川投能源,公用事业,deepseek
601877,正泰电器,电力设备,deepseek
513630,,电子,deepseek
002232,启明信息,计算机,deepseek
002743,富煌钢构,建筑装饰,deepseek
600513,联环药业,医药生物,rule
300034,钢研高纳,国防军工,deepseek
600640,国脉文化,传媒,deepseek
002919,名臣健康,传媒,strategy
688220,翱捷科技,电子,deepseek
600203,福日电子,电子,rule
002871,伟隆股份,机械设备,deepseek
301098,金埔园林,建筑装饰,rule
603685,晨丰科技,电子,deepseek
601111,中国国航,交通运输,deepseek
002696,百洋股份,农林牧渔,deepseek
000407,胜利股份,公用事业,deepseek
605177,东亚药业,医药生物,rule
300532,今天国际,计算机,deepseek
600470,六国化工,基础化工,rule
002915,中欣氟材,基础化工,deepseek
600605,汇通能源,电力设备,deepseek
600359,新农开发,农林牧渔,deepseek
603215,比依股份,家用电器,deepseek
300633,开立医疗,医药生物,strategy
300602,飞荣达,电子,deepseek
002316,亚联发展,计算机,deepseek
300115,长盈精密,电子,deepseek
600975,新五丰,农林牧渔,deepseek
601107,四川成渝,交通运输,deepseek
002802,洪汇新材,基础化工,deepseek
600731,湖南海利,基础化工,deepseek
000338,潍柴动力,汽车,deepseek
600267,海正药业,医药生物,rule
600369,西南证券,非银金融,rule
002724,海洋王,电子,deepseek
600101,明星电力,公用事业,rule
000153,丰原药业,医药生物,rule
600872,中炬高新,食品饮料,deepseek
300976,达瑞电子,电子,rule
300819,聚杰微纤,纺织服饰,deepseek
300725,药石科技,医药生物,deepseek
600059,古越龙山,食品饮料,deepseek
600583,海油工程,建筑装饰,rule
603839,安正时尚,纺织服饰,deepseek
600066,宇通客车,汽车,rule
159980,,有色金属,deepseek
600714,金瑞矿业,有色金属,rule
301085,亚康股份,计算机,deepseek
002104,恒宝股份,电子,deepseek
688618,三旺通信,通信,rule
688343,云天励飞,计算机,strategy
000561,烽火电子,公用事业,rule
603043,广州酒家,食品饮料,deepseek
301102,兆讯传媒,传媒,rule
511880,,非银金融,deepseek
600025,华能水电,公用事业,rule
605277,新亚电子,电子,rule
603109,神驰机电,汽车,deepseek
603612,索通发展,有色金属,deepseek
605108,同庆楼,社会服务,strategy
688387,信科移动,电子,strategy
000617,中油资本,非银金融,deepseek
511660,,非银金融,deepseek
600048,保利发展,房地产,deepseek
688128,中国电研,电子,strategy
002718,友邦吊顶,建筑材料,deepseek
600346,恒力石化,石油石化,rule
688058,宝兰德,电子,strategy
300127,银河磁体,有色金属,deepseek
000661,长春高新,医药生物,deepseek
600671,天目药业,医药生物,rule
002140,东华科技,建筑装饰,deepseek
688091,上海谊众,电子,strategy
002817,黄山胶囊,医药生物,deepseek
002245,蔚蓝锂芯,电力设备,deepseek
688165,埃夫特,电子,strategy
600519,贵州茅台,食品饮料,deepseek
688179,阿拉丁,电子,strategy
300665,飞鹿股份,基础化工,deepseek
300487,蓝晓科技,基础化工,deepseek
688536,思瑞浦,电子,strategy
300389,艾比森,电子,deepseek
600715,文投控股,传媒,deepseek
688525,佰维存储,电子,deepseek
600493,凤竹纺织,纺织服饰,rule
002444,巨星科技,机械设备,deepseek
603920,世运电路,电子,deepseek
002796,世嘉科技,机械设备,deepseek
601919,中远海控,交通运输,deepseek
600085,同仁堂,医药生物,deepseek
600498,烽火通信,通信,rule
603966,法兰泰克,机械设备,deepseek
600503,华丽家族,房地产,deepseek
300906,日月明,机械设备,deepseek
688082,盛美上海,电子,deepseek
688078,龙软科技,电子,strategy
600992,贵绳股份,机械设备,deepseek
300765,新诺威,医药生物,deepseek
688147,微导纳米,电子,strategy
300308,中际旭创,通信,deepseek
300253,卫宁健康,计算机,strategy
600720,中交设计,建筑装饰,deepseek
600309,万华化学,基础化工,rule
688589,力合微,电子,strategy
300809,华辰装备,机械设备,deepseek
600610,中毅达,基础化工,deepseek
603456,九洲药业,医药生物,rule
600323,瀚蓝环境,社会服务,rule
603326,我乐家居,轻工制造,rule
300782,卓胜微,电子,deepseek
002007,华兰生物,医药生物,rule
603589,口子窖,食品饮料,deepseek
600256,广汇能源,石油石化,deepseek
000892,欢瑞世纪,传媒,deepseek
600857,宁波中百,商贸零售,deepseek
300143,盈康生命,医药生物,deepseek
002524,光正眼科,美容护理,rule
600199,金种子酒,农林牧渔,rule
600179,安通控股,交通运输,deepseek
512290,,医药生物,deepseek
600617,国新能源,公用事业,rule
300726,宏达电子,电子,rule
600027,华电国际,公用事业,deepseek
688077,大地熊,电子,strategy
000868,安凯客车,汽车,rule
300272,开能健康,家用电器,deepseek
001965,招商公路,交通运输,deepseek
002125,湘潭电化,电力设备,deepseek
600901,江苏金租,非银金融,deepseek
002057,中钢天源,有色金属,deepseek
300729,乐歌股份,轻工制造,deepseek
688408,中信博,电子,strategy
600120,浙江东方,非银金融,deepseek
000552,甘肃能化,煤炭,deepseek
603709,中源家居,轻工制造,rule
300896,爱美客,美容护理,deepseek
002096,易普力,化工,strategy
600307,酒钢宏兴,钢铁,deepseek
603823,百合花,基础化工,deepseek
688049,炬芯科技,电子,strategy
688499,利元亨,电子,strategy
600741,华域汽车,汽车,rule
300942,易瑞生物,医药生物,rule
002213,大为股份,电子,deepseek
600057,厦门象屿,交通运输,deepseek
601007,金陵饭店,社会服务,strategy
600908,无锡银行,银行,rule
688819,天能股份,电子,strategy
002302,西部建设,建筑材料,deepseek
002640,跨境通,商贸零售,deepseek
300427,红相股份,电力设备,deepseek
600615,鑫源智造,综合,deepseek
688305,科德数控,电子,strategy
605055,迎丰股份,纺织服饰,deepseek
601238,广汽集团,汽车,deepseek
603458,勘设股份,建筑装饰,deepseek
002267,陕天然气,公用事业,deepseek
603811,诚意药业,医药生物,rule
600822,上海物贸,商贸零售,deepseek
002017,东信和平,通信,deepseek
688348,昱能科技,电子,strategy
300960,通业科技,机械设备,deepseek
301498,乖宝宠物,农林牧渔,deepseek
300900,广联航空,交通运输,rule
300137,先河环保,社会服务,rule
300157,新锦动力,石油石化,deepseek
600466,,房地产,deepseek
688516,奥特维,电子,strategy
300649,杭州园林,建筑装饰,rule
002947,恒铭达,电子,deepseek
002360,ST同德,基础化工,deepseek
001234,泰慕士,纺织服饰,deepseek
600388,龙净环保,社会服务,rule
603378,*ST亚士,建筑材料,deepseek
300546,雄帝科技,计算机,deepseek
000848,承德露露,食品饮料,strategy
600218,全柴动力,机械设备,deepseek
600760,中航沈飞,国防军工,deepseek
600196,复星医药,医药生物,rule
300401,花园生物,医药生物,rule
301518,长华化学,基础化工,rule
600536,中国软件,计算机,rule
301372,科净源,环保,deepseek
002806,华锋股份,汽车,deepseek
002945,华林证券,非银金融,rule
300601,康泰生物,医药生物,rule
603977,国泰集团,基础化工,deepseek
002963,豪尔赛,建筑装饰,deepseek
688383,新益昌,电子,strategy
300014,亿纬锂能,电力设备,deepseek
605599,菜百股份,商贸零售,deepseek
300031,宝通科技,传媒,deepseek
603970,中农立华,基础化工,deepseek
600550,保变电气,电力设备,rule
000958,电投产融,公用事业,deepseek
002652,扬子新材,建筑材料,deepseek
688101,三达膜,电子,strategy
688981,中芯国际,电子,deepseek
600853,龙建股份,建筑装饰,deepseek
600735,ST新华锦,纺织服饰,deepseek
001278,一彬科技,汽车,deepseek
603993,洛阳钼业,有色金属,rule
688205,德科立,电子,strategy
600828,茂业商业,商贸零售,deepseek
603010,万盛股份,基础化工,deepseek
600320,振华重工,机械设备,deepseek
601166,兴业银行,银行,rule
688607,康众医疗,医药生物,deepseek
301041,金百泽,电子,deepseek
300579,数字认证,社会服务,rule
600919,江苏银行,银行,rule
600056,中国医药,医药生物,rule
688072,拓荆科技,电子,deepseek
300131,英唐智控,电子,deepseek
688363,华熙生物,医药生物,rule
603039,DR泛微网,计算机,deepseek
603893,瑞芯微,电子,deepseek
001226,拓山重工,机械设备,deepseek
601868,中国能建,建筑装饰,deepseek
002636,金安国纪,电子,deepseek
300832,新产业,医药生物,deepseek
300981,中红医疗,医药生物,deepseek
600418,江淮汽车,汽车,rule
300655,晶瑞电材,基础化工,deepseek
688041,海光信息,电子,deepseek
600105,永鼎股份,通信,deepseek
600732,爱旭股份,电力设备,deepseek
301536,星宸科技,电子,deepseek
603719,良品铺子,食品饮料,deepseek
688365,光云科技,计算机,deepseek
601399,国机重装,机械设备,deepseek
600064,南京高科,房地产,deepseek
603029,天鹅股份,机械设备,deepseek
605169,洪通燃气,公用事业,deepseek
688366,昊海生科,电子,strategy
159915,,电力设备,deepseek
159201,,电子,deepseek
600768,宁波富邦,有色金属,deepseek
002390,信邦制药,医药生物,rule
002551,尚荣医疗,医药生物,deepseek
300663,科蓝软件,计算机,rule
603906,龙蟠科技,基础化工,deepseek
688007,光峰科技,电子,strategy
600261,阳光照明,家用电器,rule
000723,美锦能源,煤炭,deepseek
603297,永新光学,电子,rule
002012,凯恩股份,轻工制造,deepseek
513030,,医药生物,deepseek
300456,赛微电子,电子,rule
601800,中国交建,建筑装饰,deepseek
603797,联泰环保,社会服务,rule
688375,国博电子,电子,rule
600560,金自天正,机械设备,strategy
603201,常润股份,机械设备,deepseek
603239,浙江仙通,汽车,deepseek
601699,潞安环能,煤炭,strategy
600060,海信视像,家用电器,deepseek
600273,嘉化能源,基础化工,deepseek
688667,菱电电控,电子,strategy
002229,鸿博股份,传媒,deepseek
600682,南京新百,商贸零售,deepseek
688472,阿特斯,电力设备,deepseek
002432,九安医疗,医药生物,deepseek
300783,三只松鼠,食品饮料,deepseek
600096,云天化,基础化工,deepseek
002031,巨轮智能,计算机,rule
002760,凤形股份,机械设备,deepseek
688057,金达莱,环保,deepseek
300963,中洲特材,机械设备,deepseek
688183,生益电子,电子,rule
601588,北辰实业,房地产,deepseek
301525,儒竞科技,电力设备,deepseek
688123,聚辰股份,电子,strategy
600570,恒生电子,电子,rule
688032,禾迈股份,电子,strategy
002423,中粮资本,非银金融,deepseek
601003,柳钢股份,钢铁,deepseek
600312,平高电气,电力设备,rule
300609,汇纳科技,计算机,deepseek
300382,斯莱克,机械设备,deepseek
301217,铜冠铜箔,有色金属,deepseek
603886,元祖股份,食品饮料,deepseek
600929,雪天盐业,食品饮料,deepseek
605198,安德利,食品饮料,deepseek
688568,中科星图,电子,strategy
300049,福瑞医科,医药生物,strategy
600808,马钢股份,钢铁,deepseek
000759,中百集团,商贸零售,deepseek
688233,神工股份,电子,strategy
000818,航锦科技,化工,strategy
601231,环旭电子,电子,rule
002410,广联达,计算机,strategy
600613,神奇制药,医药生物,rule
300894,火星人,家用电器,deepseek
688788,科思科技,电子,strategy
002982,湘佳股份,农林牧渔,deepseek
511010,,银行,deepseek
601686,友发集团,钢铁,deepseek
603179,新泉股份,汽车,deepseek
300355,蒙草生态,社会服务,rule
601117,中国化学,基础化工,rule
002275,桂林三金,医药生物,deepseek
000001,平安银行,银行,rule
603786,科博达,汽车,deepseek
603151,邦基科技,农林牧渔,deepseek
600379,宝光股份,电力设备,deepseek
002933,新兴装备,国防军工,deepseek
688114,华大智造,医药生物,deepseek
688262,国芯科技,电子,strategy
600148,长春一东,汽车,deepseek
600221,海航控股,交通运输,deepseek
600779,水井坊,食品饮料,deepseek
600489,中金黄金,有色金属,rule
688552,航天南湖,国防军工,rule
003001,中岩大地,建筑装饰,deepseek
600322,津投城开,房地产,deepseek
000978,桂林旅游,社会服务,rule
002044,美年健康,医药生物,deepseek
601086,国芳集团,商贸零售,deepseek
002294,信立泰,医药生物,deepseek
002299,圣农发展,农林牧渔,deepseek
002412,汉森制药,医药生物,rule
603303,得邦照明,家用电器,rule
000671,,房地产,deepseek
300223,北京君正,电子,deepseek
300080,易成新能,电力设备,deepseek
002679,福建金森,农林牧渔,deepseek
688005,容百科技,电力设备,deepseek
688299,长阳科技,电子,strategy
000830,鲁西化工,基础化工,rule
600810,神马股份,基础化工,deepseek
600103,青山纸业,轻工制造,deepseek
603116,红蜻蜓,纺织服饰,deepseek
603237,五芳斋,食品饮料,deepseek
600433,冠豪高新,轻工制造,deepseek
600375,汉马科技,汽车,deepseek
601019,山东出版,传媒,rule
603928,兴业股份,基础化工,deepseek
000426,兴业银锡,有色金属,deepseek
002513,蓝丰生化,基础化工,deepseek
600354,敦煌种业,农林牧渔,rule
002518,科士达,电力设备,deepseek
600072,中船科技,国防军工,deepseek
300592,华凯易佰,商贸零售,deepseek
001228,永泰运,交通运输,deepseek
002812,恩捷股份,电力设备,deepseek
002821,凯莱英,医药生物,strategy
600549,厦门钨业,有色金属,rule
603062,麦加芯彩,基础化工,deepseek
600581,*ST八钢,钢铁,deepseek
688256,寒武纪,电子,deepseek
688778,厦钨新能,电子,strategy
002574,明牌珠宝,纺织服饰,deepseek
301548,崇德科技,机械设备,deepseek
300823,建科智能,计算机,rule
603000,人民网,传媒,deepseek
300645,正元智慧,计算机,rule
603106,恒银科技,计算机,deepseek
600776,东方通信,通信,rule
588200,,电子,deepseek
601615,明阳智能,计算机,rule
300835,龙磁科技,有色金属,deepseek
000672,上峰水泥,建筑材料,rule
301000,肇民科技,汽车,deepseek
600315,上海家化,美容护理,deepseek
600639,浦东金桥,房地产,deepseek
300990,同飞股份,机械设备,deepseek
300620,光库科技,通信,deepseek
688717,艾罗能源,电子,strategy
600995,南网储能,电力设备,rule
601918,新集能源,煤炭,strategy
601222,林洋能源,电力设备,deepseek
300059,东方财富,非银金融,deepseek
002775,文科股份,建筑装饰,deepseek
688709,成都华微,电子,strategy
002531,天顺风能,电力设备,deepseek
301236,软通动力,计算机,deepseek
513520,,综合,deepseek
000831,中国稀土,有色金属,rule
600206,有研新材,有色金属,deepseek
603393,新天然气,公用事业,deepseek
600728,佳都科技,计算机,deepseek
688356,键凯科技,电子,strategy
601689,拓普集团,汽车,deepseek
600661,昂立教育,社会服务,rule
600201,生物股份,医药生物,deepseek
600050,中国联通,通信,deepseek
300647,超频三,电子,deepseek
600114,东睦股份,机械设备,deepseek
000581,威孚高科,汽车,deepseek
600115,中国东航,交通运输,deepseek
603697,有友食品,食品饮料,rule
300442,润泽科技,计算机,deepseek
515290,,银行,deepseek
600578,京能电力,公用事业,rule
002219,新里程,医药生物,deepseek
601890,亚星锚链,国防军工,deepseek
300314,戴维医疗,医药生物,deepseek
688377,迪威尔,电子,strategy
000880,潍柴重机,机械设备,deepseek
002568,百润股份,食品饮料,strategy
603633,徕木股份,电子,deepseek
300290,荣科科技,计算机,deepseek
688559,海目星,电子,strategy
600363,联创光电,电子,deepseek
300859,西域旅游,社会服务,rule
000807,云铝股份,有色金属,deepseek
600984,建设机械,机械设备,rule
600596,新安股份,基础化工,deepseek
600313,农发种业,农林牧渔,rule
000700,模塑科技,汽车,deepseek
300408,三环集团,电子,deepseek
600184,光电股份,国防军工,deepseek
002339,积成电子,电子,rule
300741,华宝股份,食品饮料,deepseek
600272,开开实业,纺织服饰,deepseek
512880,,非银金融,deepseek
002723,小崧股份,家用电器,deepseek
600378,昊华科技,基础化工,deepseek
601088,中国神华,煤炭,deepseek
603132,金徽股份,有色金属,deepseek
002112,三变科技,电力设备,deepseek
605155,西大门,建筑材料,deepseek
301160,翔楼新材,钢铁,deepseek
300170,汉得信息,计算机,deepseek
002596,海南瑞泽,建筑材料,deepseek
300866,安克创新,家用电器,deepseek
600061,国投资本,非银金融,deepseek
688551,科威尔,电子,strategy
601601,中国太保,非银金融,deepseek
600812,华北制药,医药生物,rule
002364,中恒电气,电力设备,rule
601015,陕西黑猫,煤炭,deepseek
601212,白银有色,有色金属,rule
605122,四方新材,建筑材料,deepseek
600724,宁波富达,房地产,deepseek
600288,大恒科技,计算机,deepseek
600284,浦东建设,建筑装饰,deepseek
605069,正和生态,社会服务,rule
000938,紫光股份,计算机,deepseek
300720,海川智能,计算机,rule
603818,曲美家居,轻工制造,rule
600438,通威股份,电力设备,deepseek
510300,,银行,deepseek
600791,京能置业,房地产,rule
301011,华立科技,传媒,strategy
000713,国投丰乐,农林牧渔,deepseek
605286,同力天启,机械设备,deepseek
600740,山西焦化,煤炭,strategy
600019,宝钢股份,钢铁,deepseek
300660,江苏雷利,电力设备,deepseek
600807,济高发展,房地产,deepseek
688584,上海合晶,电子,strategy
601718,ST际华,纺织服饰,deepseek
603330,天洋新材,基础化工,deepseek
301239,普瑞眼科,美容护理,rule
000036,华联控股,房地产,deepseek
300476,胜宏科技,电子,deepseek
600833,第一医药,医药生物,rule
002777,久远银海,计算机,deepseek
002491,通鼎互联,通信,deepseek
300037,新宙邦,电力设备,deepseek
688099,晶晨股份,电子,strategy
301316,慧博云通,计算机,deepseek
002852,道道全,食品饮料,deepseek
300760,迈瑞医疗,医药生物,deepseek
301629,矽电股份,电子,deepseek
601633,长城汽车,汽车,rule
601865,福莱特,电力设备,deepseek
301486,致尚科技,电子,deepseek
300065,海兰信,国防军工,deepseek
300070,碧水源,环保,deepseek
600251,冠农股份,农林牧渔,deepseek
600132,重庆啤酒,食品饮料,rule
000656,*ST金科,房地产,deepseek
601288,农业银行,银行,rule
600319,亚星化学,基础化工,rule
603757,大元泵业,机械设备,rule
600533,栖霞建设,房地产,deepseek
002615,哈尔斯,轻工制造,deepseek
002611,东方精工,机械设备,deepseek
300390,天华新能,电力设备,deepseek
002957,科瑞技术,机械设备,strategy
688180,君实生物,医药生物,rule
002286,保龄宝,食品饮料,deepseek
688306,均普智能,计算机,rule
600202,哈空调,家用电器,rule
603799,华友钴业,有色金属,rule
603739,蔚蓝生物,医药生物,rule
300811,铂科新材,有色金属,deepseek
601001,晋控煤业,煤炭,rule
300752,隆利科技,电子,deepseek
603896,寿仙谷,医药生物,deepseek
603019,中科曙光,计算机,deepseek
688056,莱伯泰科,电子,strategy
600667,太极实业,电子,deepseek
000420,吉林化纤,纺织服饰,rule
301060,兰卫医学,医药生物,deepseek
000048,京基智农,房地产,deepseek
603198,迎驾贡酒,食品饮料,strategy
000815,美利云,计算机,deepseek
688767,博拓生物,医药生物,rule
603319,美湖股份,汽车,deepseek
600968,海油发展,石油石化,deepseek
002980,华盛昌,电力设备,deepseek
300119,瑞普生物,医药生物,rule
002440,闰土股份,基础化工,deepseek
600178,东安动力,汽车,deepseek
300055,万邦达,环保,deepseek
002987,京北方,计算机,deepseek
603758,秦安股份,汽车,deepseek
601009,南京银行,银行,rule
600123,兰花科创,煤炭,deepseek
603356,华菱精工,机械设备,deepseek
603317,天味食品,食品饮料,rule
300451,创业慧康,计算机,deepseek
600207,安彩高科,电力设备,deepseek
002538,ST司特,基础化工,deepseek
688020,方邦股份,电子,deepseek
002153,石基信息,计算机,deepseek
600986,浙文互联,传媒,deepseek
688271,联影医疗,电子,strategy
600567,山鹰国际,轻工制造,deepseek
159938,,医药生物,deepseek
002815,崇达技术,电子,deepseek
300523,辰安科技,计算机,deepseek
603696,安记食品,食品饮料,rule
600029,南方航空,交通运输,rule
300973,立高食品,食品饮料,rule
300969,恒帅股份,汽车,deepseek
688330,宏力达,电子,strategy
603286,日盈电子,电子,rule
600580,卧龙电驱,电力设备,deepseek
002097,山河智能,计算机,rule
600805,悦达投资,综合,deepseek
600129,太极集团,医药生物,deepseek
600835,上海机电,机械设备,deepseek
603650,彤程新材,化工,strategy
000811,冰轮环境,社会服务,rule
300181,佐力药业,医药生物,rule
603551,奥普科技,家用电器,deepseek
002407,多氟多,化工,strategy
601298,青岛港,交通运输,deepseek
688281,华秦科技,国防军工,deepseek
002414,高德红外,国防军工,deepseek
603255,鼎际得,基础化工,deepseek
600879,航天电子,电子,rule
601515,衢州东峰,轻工制造,deepseek
300648,星云股份,电力设备,deepseek
601390,中国中铁,建筑装饰,deepseek
600508,上海能源,煤炭,strategy
301251,威尔高,电子,deepseek
601326,秦港股份,交通运输,deepseek
301603,乔锋智能,计算机,rule
002507,涪陵榨菜,食品饮料,strategy
000598,兴蓉环境,社会服务,rule
512480,,电子,deepseek
300767,震安科技,建筑材料,deepseek
601333,广深铁路,交通运输,rule
300738,奥飞数据,计算机,deepseek
600989,宝丰能源,基础化工,deepseek
688048,长光华芯,电子,strategy
000524,岭南控股,社会服务,deepseek
000901,航天科技,国防军工,rule
000720,新能泰山,电力设备,deepseek
002181,粤 传 媒,传媒,deepseek
603798,康普顿,基础化工,deepseek
688352,颀中科技,电子,strategy
688513,苑东生物,医药生物,rule
002975,博杰股份,机械设备,deepseek
300402,宝色股份,机械设备,deepseek
300056,中创环保,社会服务,rule
688146,中船特气,电子,strategy
603335,迪生力,汽车,deepseek
603333,尚纬股份,电力设备,deepseek
688159,有方科技,通信,deepseek
002439,启明星辰,计算机,strategy
601021,春秋航空,交通运输,rule
300885,海昌新材,有色金属,deepseek
513100,,电子,deepseek
600448,华纺股份,纺织服饰,deepseek
603045,福达合金,有色金属,deepseek
300193,佳士科技,机械设备,deepseek
002536,飞龙股份,汽车,deepseek
000009,中国宝安,综合,deepseek
300263,隆华科技,机械设备,deepseek
688700,东威科技,电子,strategy
002295,精艺股份,有色金属,deepseek
002490,山东墨龙,机械设备,deepseek
002354,天娱数科,传媒,deepseek
001356,富岭股份,轻工制造,deepseek
301208,中亦科技,计算机,deepseek
603800,洪田股份,机械设备,deepseek
600569,安阳钢铁,钢铁,rule
600516,方大炭素,钢铁,deepseek
600119,*ST长投,交通运输,deepseek
603199,XD九华旅,社会服务,strategy
601199,江南水务,公用事业,deepseek
603358,华达科技,汽车,deepseek
002941,新疆交建,建筑装饰,deepseek
002706,良信股份,电力设备,deepseek
605255,天普股份,汽车,deepseek
603037,凯众股份,汽车,deepseek
002192,融捷股份,有色金属,deepseek
002951,金时科技,轻工制造,deepseek
688575,亚辉龙,电子,strategy
002074,国轩高科,电力设备,deepseek
603899,晨光股份,轻工制造,deepseek
300659,中孚信息,计算机,deepseek
300189,神农种业,农林牧渔,rule
600020,中原高速,交通运输,deepseek
301200,大族数控,机械设备,deepseek
600279,重庆港,交通运输,deepseek
301120,新特电气,电力设备,rule
600299,安迪苏,基础化工,deepseek
301261,恒工精密,机械设备,deepseek
300706,阿石创,电子,deepseek
600918,中泰证券,非银金融,rule
300443,金雷股份,电力设备,deepseek
002068,黑猫股份,基础化工,deepseek
002225,濮耐股份,钢铁,deepseek
002828,贝肯能源,石油石化,deepseek
603156,养元饮品,食品饮料,deepseek
600173,卧龙新能,房地产,deepseek
603232,格尔软件,计算机,rule
688016,心脉医疗,电子,strategy
600329,达仁堂,医药生物,deepseek
600482,中国动力,电力设备,deepseek
600106,重庆路桥,交通运输,deepseek
688357,建龙微纳,电子,strategy
002540,亚太科技,有色金属,deepseek
300087,荃银高科,农林牧渔,deepseek
002851,麦格米特,电力设备,deepseek
003031,中瓷电子,电子,rule
301421,波长光电,电子,deepseek
000558,天府文旅,社会服务,strategy
002383,合众思壮,国防军工,deepseek
000961,,房地产,deepseek
688685,迈信林,国防军工,deepseek
600594,益佰制药,医药生物,rule
603900,莱绅通灵,纺织服饰,deepseek
600176,中国巨石,建筑材料,deepseek
600876,凯盛新能,电力设备,deepseek
002884,凌霄泵业,机械设备,rule
688208,道通科技,电子,strategy
603308,应流股份,国防军工,strategy
603048,浙江黎明,汽车,deepseek
301321,翰博高新,电子,deepseek
600111,北方稀土,有色金属,rule
300737,科顺股份,建筑材料,deepseek
688692,达梦数据,计算机,deepseek
603659,璞泰来,电力设备,deepseek
688257,新锐股份,电子,strategy
603606,东方电缆,电力设备,rule
603170,宝立食品,食品饮料,rule
688601,力芯微,电子,strategy
300145,南方泵业,机械设备,rule
600729,重百集团,商贸零售,deepseek
002909,集泰股份,基础化工,deepseek
301196,唯科科技,电子,deepseek
300830,金现代,计算机,deepseek
002079,苏州固锝,电子,deepseek
688168,安博通,计算机,deepseek
300785,值得买,商贸零售,deepseek
603032,德新科技,电力设备,deepseek
601233,桐昆股份,化工,strategy
600033,福建高速,交通运输,deepseek
300285,国瓷材料,基础化工,deepseek
002516,旷达科技,汽车,deepseek
300680,隆盛科技,汽车,deepseek
603587,地素时尚,纺织服饰,deepseek
601336,新华保险,非银金融,rule
300033,同花顺,计算机,deepseek
603176,汇通集团,建筑装饰,deepseek
002148,北纬科技,传媒,strategy
003012,东鹏控股,建筑材料,deepseek
600679,上海凤凰,汽车,deepseek
300923,研奥股份,机械设备,deepseek
601577,长沙银行,银行,rule
688425,铁建重工,机械设备,deepseek
600996,贵广网络,传媒,deepseek
600829,人民同泰,医药生物,deepseek
511360,,非银金融,deepseek
000002,万  科Ａ,房地产,deepseek
002800,天顺股份,交通运输,deepseek
300230,永利股份,基础化工,deepseek
300146,汤臣倍健,食品饮料,deepseek
688261,东微半导,电子,strategy
688136,科兴制药,医药生物,rule
301026,浩通科技,有色金属,deepseek
000860,顺鑫农业,农林牧渔,rule
600397,江钨装备,煤炭,deepseek
002629,仁智股份,石油石化,deepseek
600257,大湖股份,农林牧渔,deepseek
000576,甘化科工,国防军工,deepseek
